"","age_group","asymp_averted","symp_nhc_averted","incr_QALY_undis_total","incr_QALY_undis_hc","incr_QALY_undis_nhc","incr_QALY_dis_total","incr_QALY_dis_hc","incr_QALY_dis_nhc"
"1","0-3mo",84.3489330516416,565.385677873142,30.3875632919801,10.3643544549597,17.0972628988838,26.1865178489014,8.93153505938409,14.7336028287818
"2","4-6mo",89.1164417241123,598.392799846526,30.9478718778872,10.9099885846323,18.095398267359,26.6769517739793,9.4044514282586,15.5980896506637
"3","7–11mo",105.322384678986,849.806175238158,37.839432600151,7.44258325783522,25.6981387392019,32.6283315912374,6.41735799299056,22.1593317493533
"4","12–23mo",85.3564484896033,365.128174794561,14.1299787369405,2.79746380741432,11.0414760057874,12.1976704653612,2.41490390443349,9.53152760954936
"5","24-59mo",83.3446414850987,405.163698605902,13.6453876656778,0.871968145899274,12.2521502458426,11.7702656872939,0.752238779901631,10.568398757699
"6","0-11mo",278.787759454741,2013.58465295783,99.1748677700184,28.7169262974271,60.8907999054447,85.4918012141181,24.7533444806332,52.491024228799
"7","0-59mo",447.488849429443,2783.87652635828,126.950234172637,32.3863582507408,84.184426157075,109.459737366774,27.9204871649683,72.5909505960472
