"","age_group","asymp_averted","symp_nhc_averted","incr_QALY_undis_total","incr_QALY_undis_hc","incr_QALY_undis_nhc","incr_QALY_dis_total","incr_QALY_dis_hc","incr_QALY_dis_nhc"
"1","0-3mo",83.9317694275667,562.592453644091,30.2402648059262,10.3129809739779,17.0127957981973,26.0595255397537,8.88724328417698,14.6607798838282
"2","4-6mo",88.5443253034123,594.576366351394,30.7589182212917,10.8389854378343,17.9799893184661,26.5139107364317,9.34318590981169,15.4985137419746
"3","7–11mo",104.185738490969,840.54053197931,37.2836055724042,7.36587431430723,25.4179456870543,32.1485685017603,6.35112700071909,21.9174023883152
"4","12–23mo",90.4396710236815,386.87261002804,15.0042348507607,2.96406084039472,11.699027727248,12.9520223469804,2.55865450586057,10.0989053937652
"5","24-59mo",105.169432299203,511.228952461999,17.3295791894438,1.10151549780906,15.4595635224509,14.947539724343,0.950207374418483,13.3345004719517
"6","0-11mo",276.661833221949,1997.70935197479,98.2827885996221,28.5178407261194,60.4107308037178,84.7220047779458,24.5815561947077,52.0766960141179
"7","0-59mo",472.270936544832,2895.81091446485,130.616602639827,32.5834170643233,87.5693220534167,112.62156684927,28.0904180749868,75.5101018798346
