"","age_group","asymp_averted","symp_nhc_averted","incr_QALY_undis_total","incr_QALY_undis_hc","incr_QALY_undis_nhc","incr_QALY_dis_total","incr_QALY_dis_hc","incr_QALY_dis_nhc"
"1","0-3mo",528.502584575897,3551.91278624667,191.601132251699,64.5805436085685,107.409842656099,165.143281073712,55.6629708614393,92.5779320630415
"2","4-6mo",374.501825986921,2531.02491259447,129.946481326922,45.2230753111075,76.5381933568569,112.005554656255,38.9789115780831,65.9714934854248
"3","7–11mo",244.186279050871,1938.00997610375,87.9458248226592,18.4877534112336,58.6054216773773,75.7645150085127,15.9276544994855,50.4874229337165
"4","12–23mo",430.201770569804,1840.26854515475,71.2171287815233,14.0993903137987,55.6497208054795,61.4080619889403,12.1574153350754,47.984824453797
"5","24-59mo",228.023013023496,1108.31647541771,37.3321501681521,2.39223085313961,33.5154902166314,32.1862488025945,2.06273444693463,28.8954545449203
"6","0-11mo",1147.19068961369,8020.94767494489,409.493438401281,128.29137233091,242.553457690333,352.913350738479,110.569536939008,209.036848482183
"7","0-59mo",1805.41547320699,10969.5326955174,518.042717350957,144.782993497848,331.718668712445,446.507661530014,124.789686721018,285.9171274809
