"","age_group","asymp_averted","symp_nhc_averted","incr_QALY_undis_total","incr_QALY_undis_hc","incr_QALY_undis_nhc","incr_QALY_dis_total","incr_QALY_dis_hc","incr_QALY_dis_nhc"
"1","0-3mo",48.4849438291924,325.269168635234,17.5005324376886,5.9469632781927,9.83613965952947,15.0800290352123,5.12444171029816,8.47570198960858
"2","4-6mo",42.4831082866112,286.304030570402,14.7461781009289,5.16113612906352,8.65783388444896,12.7088046667196,4.44813081176414,7.46157503914804
"3","7–11mo",49.6625891895146,402.141612362484,17.8335269610591,3.45460817723421,12.1607623578416,15.3857588434903,2.98013001505907,10.4919104939833
"4","12–23mo",45.5347511220971,194.783415443548,7.53783207693209,1.49235143328627,5.89025048301278,6.51037439703191,1.28893377328231,5.08736924246398
"5","24-59mo",49.9700362034073,242.943880157778,8.18112784452842,0.521867137366485,7.34662293597148,7.05834311701256,0.450307362577547,6.33831073237616
"6","0-11mo",140.630641305319,1013.71481156812,50.080237499677,14.5627075844905,30.65473590182,43.1745925454222,12.5527025371214,26.42918752274
"7","0-59mo",236.135428630823,1451.44210716942,65.7991974211373,16.5769261551433,43.8916093208045,56.7433100594671,14.2919436729812,37.85486749758
