"","age_group","asymp_averted","symp_nhc_averted","incr_QALY_undis_total","incr_QALY_undis_hc","incr_QALY_undis_nhc","incr_QALY_dis_total","incr_QALY_dis_hc","incr_QALY_dis_nhc"
"1","0-3mo",39.8278455320742,267.10912040018,14.364532271796,4.88827287855835,8.0773798009015,12.3872969322647,4.21539154120742,6.96554063084395
"2","4-6mo",35.8156133960708,241.545722611138,12.430607107564,4.34441171540291,7.30434265176081,10.7183578047344,3.74604002147169,6.2981638283195
"3","7–11mo",38.3299721867961,309.810165279428,13.7677539044337,2.68792608943932,9.36865939805011,11.8873145202608,2.32044879111226,8.08939350992159
"4","12–23mo",34.193574989431,146.269413108406,5.66059892155295,1.12065684751042,4.42318705239813,4.89667603419889,0.969419207757028,3.82625823205626
"5","24-59mo",36.3632506309405,176.829106513818,5.95303158729575,0.378288527588495,5.34731218097795,5.14338932288638,0.326903634263545,4.61999348476729
"6","0-11mo",113.973431114941,818.465008290746,40.562893283794,11.9206106834006,24.7503818507123,34.9929692572598,10.2818803537914,21.3530979690852
"7","0-59mo",184.530256735314,1141.56352791295,52.1765237926429,13.4195560584996,34.5208810840886,45.0330346143455,11.578203195812,29.7993496859085
