"","age_group","asymp_averted","symp_nhc_averted","incr_QALY_undis_total","incr_QALY_undis_hc","incr_QALY_undis_nhc","incr_QALY_dis_total","incr_QALY_dis_hc","incr_QALY_dis_nhc"
"1","0-3mo",514.345713990143,3455.40101343064,186.328780220256,62.9029215391222,104.491326646143,160.59390776902,54.2157023862406,90.0597326339022
"2","4-6mo",517.347407591494,3448.30919876331,179.841542296501,64.3120679414884,104.276870170602,155.153367486746,55.4852892936998,89.9602859806356
"3","7–11mo",564.869492889891,4499.13613088402,203.319016022092,42.1559112168843,136.053876597933,175.318841914516,36.3540269503169,117.313660357586
"4","12–23mo",652.787469446079,2792.42050794365,108.06486172098,21.3943920116523,84.4427961602159,93.249920634524,18.4613692925518,72.8662746368469
"5","24-59mo",335.435884463539,1630.63561798962,54.9168952531754,3.51017764551702,49.310421088006,47.3895439538887,3.02951516375103,42.5511137337699
"6","0-11mo",1596.56261447153,11402.846343078,569.489338538849,169.370900697495,344.822073414678,491.066117170282,146.055018630257,297.333678972124
"7","0-59mo",2584.78596838114,15825.9024690113,732.471095513006,194.275470354664,478.5752906629,631.705581758694,167.54590308656,412.751067342741
