"","...1","jan","feb","mar","apr","may","jun","jul","aug","sep","oct","nov","dec"
"1","0-3mo",264.553125890983,313.660047591676,203.593867681836,99.7020961356088,41.3548320726245,14.951360668525,4.04253202386318,3.53169070158803,4.56941013161635,9.20940743390075,28.0049038450129,102.568108631693
"2","4-6mo",428.068626387318,470.555697788254,274.803181135779,127.084973165882,53.4817798496671,20.4149497364679,6.90349992636444,6.01880238375186,7.75754358432362,15.5722697877392,47.1275698809321,170.960497730928
"3","7-11mo",950.905299912946,1010.46024048872,549.121562788856,232.293583716055,91.237891871116,33.6875412310719,14.897656076138,13.23348241252,17.2511245624711,34.856873754587,105.817682983726,383.572297363804
"4","12-23mo",2501.08017519614,2581.39639822022,1415.79915555788,603.582811877451,237.105303415713,87.3305274459915,36.1950937803584,33.6307591128252,45.6309135712754,95.5161913220384,296.5993427064,1062.82066883995
"5","24-59mo",3904.96845434322,4127.71185715464,2419.07608501076,1071.87582228356,419.364496758656,151.574856374475,56.2628281394257,51.852570545959,70.7138621117663,149.408865707629,467.831209814051,1675.26846882336
"6","0-12mo",1643.52705219125,1794.67598586865,1027.51861160647,459.080653017546,186.074503793408,69.0538516360648,25.8436880263656,22.7839754978599,29.5780782784111,59.6385509762269,180.950156709671,657.100903726426
"7","0-59mo",8049.57568173061,8503.78424124351,4862.39385217511,2134.53928717856,842.544303967777,307.959235456531,118.30160994615,108.267305156644,145.922853961453,304.563608005894,945.380709230122,3395.19004138973
