"","age_group","discounted_direct","discounted_indirect","discounted_inter","discounted_total","undiscounted_direct","undiscounted_indirect","undiscounted_inter","undiscounted_total"
"1","0-3m",29914738.4505086,6618753.0975344,0,36533491.548043,34708235.9014933,7679328.71294259,0,42387564.6144358
"2","4-6m",18326552.4955253,3945696.83232168,0,22272249.327847,21255962.7940284,4576405.07422797,0,25832367.8682564
"3","7-11m",16150237.7996922,3452144.10210594,0,19602381.9017982,18727322.2058277,4003000.92521372,0,22730323.1310414
"4","12-23m",21074692.0750451,4402209.40809386,0,25476901.4831389,24435826.4584499,5104303.52893814,0,29540129.9873881
"5","24-59m",11167071.2207077,2342424.08618196,0,13509495.3068896,12949506.1921008,2716312.75380971,0,15665818.9459105
"6","0-11m",64391528.7457261,14016594.031962,0,78408122.7776881,74691520.9013493,16258734.7123843,0,90950255.6137336
"7","0-59m",96633292.0414789,20761227.5262378,0,117394519.567717,112076853.5519,24079350.9951321,0,136156204.547032
