"","...1","jan","feb","mar","apr","may","jun","jul","aug","sep","oct","nov","dec"
"1","0-3mo",0.0288887270016089,0.0345680298922511,0.0226326824548022,0.0110801589471985,0.00456519028830066,0.00163788252576087,0.000437541336317944,0.000382451487420667,0.000495224146281482,0.000998931031575113,0.00304043915162452,0.0111527520285272
"2","4-6mo",0.0306573178653173,0.0337132608005442,0.0197025815115209,0.00911776876375352,0.00383806600146435,0.00146484156707225,0.000494310813920449,0.000430962066472731,0.000555465537758633,0.0011150391111202,0.0033745859602333,0.0122421705663726
"3","7-11mo",0.138140121092168,0.146786047095592,0.0797601480052165,0.033734694379122,0.0132472196793521,0.0048902793512546,0.00216338059239828,0.00192199489713152,0.00250576441660208,0.0050633895858249,0.0153719894583372,0.055722326514047
"4","12-23mo",0.0280303209733734,0.0289304478597725,0.0158672661347236,0.00676452523142702,0.00265730696086555,0.000978738202542094,0.000405648769834111,0.000376909537670764,0.000511398701407405,0.00107047727916236,0.003324073677846,0.0119113352623263
"5","24-59mo",0.0810700278296422,0.0857984489045873,0.0503493220078103,0.0223290438875779,0.00873976858097774,0.00315939761338041,0.00116875072379178,0.00107667329126199,0.0014677862816023,0.00310033389919476,0.00970599539806314,0.0347586264034565
"6","0-12mo",0.197686165959094,0.215067337788387,0.12209541197154,0.0539326220900741,0.0216504759691171,0.00799300344408772,0.00309523274263667,0.00273540845102491,0.00355645410064219,0.00717735972852021,0.021787014570195,0.0791172491089468
"7","0-59mo",0.30678651476211,0.329796234552747,0.188312000114073,0.083026191209079,0.0330475515109604,0.0121311392600102,0.00466963223626256,0.00418899127995767,0.00553563908365189,0.0113481709068773,0.0348170836461041,0.12578721077473
