"","...1","jan","feb","mar","apr","may","jun","jul","aug","sep","oct","nov","dec"
"1","0-3mo",0.0288642644868609,0.0345387167447142,0.0226134646117203,0.0110707506641366,0.0045613177983028,0.00163649479982819,0.000437171337335102,0.000382128048214434,0.000494805283994562,0.000998086024924856,0.00303786685061254,0.0111433142407041
"2","4-6mo",0.0306357483297356,0.0336895237993864,0.0196886904021685,0.00911133210538235,0.00383535514386777,0.00146380719966196,0.000493963166493084,0.000430658975158989,0.000555074878145816,0.0011142548850474,0.00337221248177385,0.0122335595263056
"3","7-11mo",0.13806318790488,0.146704278817543,0.0797156883623166,0.0337158708999925,0.0132398194227909,0.00488754467538291,0.00216217377377755,0.00192092343870459,0.00250436815340114,0.00506056899093605,0.0153634279157411,0.0556912942676307
"4","12-23mo",0.0280183148845514,0.0289180562240507,0.0158604697870557,0.00676162781577328,0.00265616876971069,0.000978318984445933,0.000405475020301745,0.000376748097871646,0.000511179656529595,0.001070018766921,0.00332264989379925,0.0119062333389739
"5","24-59mo",0.0810589366580588,0.0857867546418491,0.050342487325877,0.0223260210148885,0.00873858693078905,0.00315897065720751,0.00116859111875962,0.00107652606575993,0.00146758535384471,0.00309990910980352,0.00970466477470909,0.0347538621610872
"6","0-12mo",0.197563200721477,0.214932519361644,0.122017843376205,0.0538979536695115,0.0216364923649615,0.00798784667487306,0.00309330827760573,0.00273371046207801,0.00355424831554152,0.0071729099009083,0.0217735072481275,0.0790681680346404
"7","0-59mo",0.306640452264087,0.329637330227544,0.188220800489138,0.0829856025001733,0.0330312480654612,0.0121251363165265,0.00466737441666709,0.00418698462570959,0.00553301332591583,0.0113428377776328,0.0348008219166358,0.125728263534701
