"","...1","jan","feb","mar","apr","may","jun","jul","aug","sep","oct","nov","dec"
"1","0-3mo",213.642640419971,254.723093893091,166.262903182062,81.4464663814579,33.6549380696284,12.1109100694097,3.2478145772142,2.83823383193832,3.6738411873748,7.40787421584774,22.538286013495,82.6206300008128
"2","4-6mo",137.257864171724,151.033103696998,88.3639694540323,40.9314945290062,17.2340676394122,6.57510394514816,2.2123222697013,1.9288145606445,2.48609445061912,4.9906850749144,15.1043708465617,54.7984579730998
"3","7-11mo",126.422148654128,134.491228558501,73.2946870123487,31.1427442120246,12.2919790662285,4.55819756970431,1.99193537861249,1.76508231162206,2.29724647426048,4.63706570733104,14.0690368577886,50.9857858136381
"4","12-23mo",163.127811889618,168.366272396038,92.3425888589167,39.3674478620142,15.4647058967616,5.69595409004175,2.3607505701277,2.19349711403464,2.97618251474992,6.22984718559544,19.3450822822181,69.3202928312059
"5","24-59mo",83.7870246580164,87.9721367785567,51.1664860955719,22.5520673236669,8.79976414580629,3.17708590380986,1.20323924287366,1.11157550377714,1.51889505744176,3.2143035369267,10.0748053951055,36.0645806375645
"6","0-12mo",477.322653245823,540.247426148591,327.921559648443,153.520705122489,63.1809847752692,23.2442115842621,7.45207222552799,6.53213070420488,8.4571821122544,17.0356249980932,51.7116937178452,188.404873787551
"7","0-59mo",724.237489793458,796.585835323185,471.430634602932,215.44022030817,87.445454817837,32.1172515781137,11.0160620385294,9.83720332201665,12.9522596844461,26.4797757206153,81.1315813951688,293.789747256321
