"","...1","jan","feb","mar","apr","may","jun","jul","aug","sep","oct","nov","dec"
"1","0-3mo",213.461105759612,254.506356387472,166.121250728636,81.3770769116037,33.6262931794833,12.1006137603791,3.2450584783453,2.83582511831516,3.67072295585257,7.4015858968667,22.5191513734082,82.5504704961254
"2","4-6mo",137.160637302151,150.92601052949,88.3011958417486,40.9023654588818,17.2217943591465,6.57042311794225,2.21075600640028,1.92744903183681,2.48433434902698,4.98715166628678,15.093676475944,54.7596549284143
"3","7-11mo",126.350471465155,134.414958153068,73.2530943958885,31.1250534197235,12.2849884417741,4.55560251262363,1.99080385576756,1.7640803942162,2.29594315824131,4.6344358254715,14.0610593886526,50.9568788527424
"4","12-23mo",163.057910015156,168.294125789642,92.30301914987,39.3505785227736,15.458079117933,5.69351331760001,2.35973896525127,2.19255717891186,2.97490719122224,6.22717763470255,19.3367927238805,69.2905884028131
"5","24-59mo",83.7726156601498,87.9570504196584,51.1577406431546,22.5482221025316,8.798265733457,3.17654523416421,1.20303260350852,1.11138441528436,1.51863373574628,3.21375016891604,10.073070239961,36.0583702353332
"6","0-12mo",476.972214526917,539.84732507003,327.675540966273,153.404495790209,63.1330759804038,23.2266393909449,7.44661834051315,6.52735454436816,8.45100046312086,17.023173388625,51.6738872380048,188.267004277282
"7","0-59mo",723.802740202223,796.098501279331,471.136300759297,215.303296415514,87.3894208317938,32.0966979427091,11.0093899092729,9.83129613856439,12.9445413900894,26.4641011922436,81.0837502018462,293.615962915428
