"","...1","jan","feb","mar","apr","may","jun","jul","aug","sep","oct","nov","dec"
"1","0-3mo",2.33742583587577,2.81668212300366,1.85602691783443,0.908308694529692,0.372325360217052,0.132804449853497,0.0351570399783785,0.0307433347103108,0.0398339114742077,0.080403383581961,0.244900819986795,0.899412569191425
"2","4-6mo",0.942973300741995,1.037106338598,0.606145455224697,0.280403065132968,0.117937359006603,0.0449744519445036,0.0152009137633749,0.0132538291724289,0.0170834787248844,0.0342939460828506,0.103789455087146,0.376529785552202
"3","7-11mo",0.273609506287125,0.291252514579926,0.158968406755342,0.0677030812009483,0.0267891601659469,0.00995474671955075,0.00432170798006597,0.00382539479481778,0.00497520454134497,0.0100381633678229,0.030448430527058,0.110333037216333
"4","12-23mo",1.14189468322733,1.17856390677227,0.646398122012417,0.275572135034099,0.108252941277331,0.0398716786302923,0.0165252539908939,0.0153544797982425,0.0208332776032494,0.043608930299168,0.135415575975527,0.485242049818441
"5","24-59mo",0.586509172606115,0.615804957449897,0.358165402669003,0.157864471265668,0.061598349020644,0.022239601326669,0.00842267470011565,0.00778102852643995,0.0106322654020923,0.0225001247584869,0.0705236377657384,0.252452064462951
"6","0-12mo",3.55400864290489,4.14504097618159,2.62114077981447,1.25641484086361,0.517051879389602,0.187733648517551,0.0546796617218194,0.0478225586775575,0.0618925947404371,0.124735493032634,0.379138705600999,1.38627539195996
"7","0-59mo",5.28241249873833,5.93940984040375,3.62570430449589,1.68985144716338,0.686903169687577,0.249844928474512,0.0796275904128289,0.0709580670022399,0.0933581377457789,0.190844548090289,0.585077919342264,2.12396950624135
