"","...1","jan","feb","mar","apr","may","jun","jul","aug","sep","oct","nov","dec"
"1","0-3mo",2.33540622510495,2.8142447115521,1.85441858122377,0.907521652665234,0.372003095018808,0.132689646115969,0.0351267090052994,0.0307168091551675,0.0397995377507316,0.080333991420889,0.244689424958566,0.898636005115069
"2","4-6mo",0.942307961210758,1.0363737030854,0.605716310632293,0.280204125076305,0.117853614351446,0.0449425296026728,0.0151901951324321,0.0132444836491173,0.0170714325291971,0.0342697632565319,0.103716262834158,0.376264224605693
"3","7-11mo",0.273453724627074,0.291086645885537,0.158877813085931,0.0676644573685153,0.0267738591774776,0.00994905488004677,0.00431924275011309,0.00382321427463623,0.00497237006616912,0.0100324463565688,0.0304310929176128,0.110270219237428
"4","12-23mo",1.14140537010609,1.17805888052749,0.64612113404909,0.275454049659415,0.108206553825531,0.0398545932232,0.0165181727567589,0.015347900252383,0.0208243503385557,0.0435902434429178,0.135357549067163,0.485034118819692
"5","24-59mo",0.586408309621049,0.615699352937609,0.358104184502082,0.157837554717721,0.061587860134199,0.0222358166391495,0.00842122822455961,0.00777969090699055,0.010630436150224,0.0224962511824123,0.0705114916797268,0.252408591647332
"6","0-12mo",3.55116791094278,4.14170506052304,2.619012704942,1.25539023511005,0.516630568547731,0.187581230598688,0.0546361468878446,0.0477845070789211,0.0618433403460979,0.12463620103399,0.378836780710337,1.38517044895819
"7","0-59mo",5.27898159066992,5.93546329398814,3.62323802349317,1.68868183948719,0.686424982507461,0.249671640461038,0.0795755478691631,0.0709120982382947,0.0932981268348775,0.19072269565932,0.584705821457227,2.12261315942521
