"","...1","jan","feb","mar","apr","may","jun","jul","aug","sep","oct","nov","dec"
"1","0-3mo",616.924839839896,729.385905546787,472.053930988175,231.114490912559,96.0439205502846,34.8033597471601,9.45924887087545,8.26138848876464,10.6846151277323,21.5255490625482,65.4284708208045,239.49028066338
"2","4-6mo",1234.57869864728,1353.79209467283,786.762523539088,362.055617330711,152.019219085016,58.0590587121083,19.9508053245395,17.3923864484699,22.4121094917918,44.9786807744736,136.085020499813,493.47419954893
"3","7-11mo",1515.78922866658,1612.90893679235,879.127322198484,373.526961763835,147.40646328844,54.6493837873243,23.8989335055553,21.173989315857,27.5534967046135,55.6087423705053,168.691782805008,611.265375774181
"4","12-23mo",1955.60600340932,2018.97953883951,1107.53441670216,472.152929891164,185.444605992221,68.2860501505111,28.3177200560473,26.307483833208,35.688903255077,74.6933119380927,231.90243881405,830.912748444924
"5","24-59mo",1004.60142184101,1055.0121979256,613.702162676129,270.489321692225,105.528735445826,38.0918232525481,14.4357611416397,13.3340536344488,18.2173320975254,38.545750297155,120.797013981285,432.369953809227
"6","0-12mo",3367.29276715376,3696.08693701196,2137.94377672575,966.697070007104,395.469602923741,147.511802246593,53.3089877009703,46.8277642530915,60.6502213241376,122.112972207527,370.205274125625,1344.22985598649
"7","0-59mo",6327.50019240409,6770.07867377707,3859.18035610404,1709.33932159049,686.442944361788,253.889675649652,96.0624688986572,86.4693017207484,114.55645667674,235.352034442775,722.90472692096,2607.51255824064
