"","...1","jan","feb","mar","apr","may","jun","jul","aug","sep","oct","nov","dec"
"1","0-3mo",617.620347977508,730.066100372194,472.443712957166,231.314341229792,96.1410938134866,34.8461624942411,9.46339552139256,8.26625973815049,10.6926203797058,21.5451566493475,65.498829969315,239.77596389389
"2","4-6mo",1235.77772369043,1354.8103801178,787.255338118586,362.299514504739,152.146566609563,58.1210646368355,19.9567602042293,17.4002169555581,22.425760645038,45.0133032915014,136.211971796213,493.99104213705
"3","7-11mo",1517.06578384953,1613.89474270202,879.536244148184,373.712930544295,147.503748794742,54.6983708364517,23.9032245433499,21.1809877394647,27.5669576911258,55.6447884879725,168.828442293463,611.829429763657
"4","12-23mo",1957.53374267542,2020.39526875246,1108.111066307,472.40937434417,185.576470761139,68.351449080501,28.3290068415324,26.3219653684157,35.714190176999,74.7581662271452,232.140987386617,831.843513974471
"5","24-59mo",1005.4442958962,1055.66564134268,613.997833146862,270.624807884003,105.597169749675,38.1250308457183,14.438870914484,13.3389060453256,18.2267406893011,38.5716424431204,120.897664741266,432.774967650773
"6","0-12mo",3370.46385551747,3698.77122319202,2139.23529522394,967.326786278826,395.791409217792,147.665597967528,53.3233802689718,46.8474644331733,60.6853387158696,122.203248428821,370.539244058991,1345.5964357946
"7","0-59mo",6333.44189408909,6774.83213328715,3861.3441946778,1710.360968507,686.965049728606,254.142077893748,96.0912580249882,86.5083358469146,114.62626958217,235.533057099087,723.577896186874,2610.21491741984
