"","age_group","discounted_cases","discounted_deaths","discounted_total","undiscounted_cases","undiscounted_deaths","undiscounted_total"
"1","0-3m",305.802972495961,31.4017531487706,337.204725644732,354.798196426539,36.4338513591315,391.23204778567
"2","4-6m",457.596074476424,30.4809614589227,488.077035935346,530.737983275174,35.3531491112739,566.091132386448
"3","7-11m",930.549981787135,132.388711011129,1062.93869279826,1079.02768204971,153.512397207068,1232.54007925678
"4","12-23m",1257.51215434655,26.4985565244344,1284.01071087099,1458.06946495089,30.7247181841107,1488.794183135
"5","24-59m",1977.60499443133,78.236708354875,2055.84170278621,2293.32301498786,90.7274269240682,2384.05044191193
"6","0-11m",1693.94902875952,194.271425618823,1888.22045437834,1964.56386175143,225.299397677474,2189.8632594289
"7","0-59m",4929.0661775374,299.006690498132,5228.07286803554,5715.95634169017,346.751542785653,6062.70788447582
