"","age_group","discounted_cases","discounted_deaths","discounted_total","undiscounted_cases","undiscounted_deaths","undiscounted_total"
"1","0-3m",305.847547013181,31.4205326083723,337.268079621553,354.849835195156,36.4556331545153,391.305468349671
"2","4-6m",457.653887673989,30.5072763786823,488.161164052671,530.804894393218,35.3836604224359,566.188554815654
"3","7-11m",930.659950144987,132.334968735601,1062.99491888059,1079.15483677336,153.45003081199,1232.60486758535
"4","12-23m",1257.98497007593,26.4990101525576,1284.48398022848,1458.6169186554,30.7252287276685,1489.34214738307
"5","24-59m",1978.6301065882,78.2325302935972,2056.8626368818,2294.51100796765,90.7225533746105,2385.23356134226
"6","0-11m",1694.16138483216,194.262777722656,1888.42416255481,1964.80956636174,225.289324388941,2190.09889075068
"7","0-59m",4930.77646149629,298.994318168811,5229.7707796651,5717.93749298479,346.73710649122,6064.674599476
