"","...1","jan","feb","mar","apr","may","jun","jul","aug","sep","oct","nov","dec"
"1","0-3mo",22.1756487246137,26.2567071873424,17.0317529421376,8.34964583548563,3.46885673060218,1.25552677015787,0.339445254829589,0.296514047337381,0.383566179236481,0.772900900866258,2.34982346640016,8.60371870374139
"2","4-6mo",25.3795446517468,27.9298508329051,16.3444417873128,7.5728878882673,3.18903711280134,1.21670702423218,0.409047929392273,0.356625805853271,0.459663152790895,0.922748243875187,2.79272125811603,10.1320696410698
"3","7-11mo",27.255290202723,29.0013729101888,15.8185151907363,6.73124748084923,2.66180939916398,0.989093717537659,0.432031998002198,0.382030318714588,0.49643826684048,1.00098857531279,3.03488185534085,10.9937096560699
"4","12-23mo",23.4701349893797,24.2238223820937,13.2858584975938,5.66402077491267,2.22499603693361,0.81950962155398,0.339654740141087,0.315591025030382,0.428200467872872,0.896323886867743,2.78328806893788,9.97350857223925
"5","24-59mo",14.55881998569,15.4078148782692,9.04170942290241,4.00981048377845,1.56946655577598,0.567356171455716,0.209887063855484,0.193352247606432,0.263590258440198,0.556770232598734,1.74304365376938,6.24209778683888
"6","0-12mo",74.8104835790834,83.1879309304363,49.1947099201867,22.6537812046022,9.3197032425675,3.46132751192771,1.18052518222406,1.03517017190524,1.33966759886786,2.69663772005423,8.17742657985704,29.7294980008811
"7","0-59mo",112.839438554153,122.819568190799,71.5222778406829,32.3276124632933,13.1141658352771,4.84819330493741,1.73006698622063,1.54411344454205,2.03145832518093,4.14973183952071,12.7037583025643,45.9451043599592
