"","...1","jan","feb","mar","apr","may","jun","jul","aug","sep","oct","nov","dec"
"1","0-3mo",22.1561352305204,26.2335746995805,17.0167321686323,8.34228365297698,3.46580114307542,1.25442193284493,0.339146925114392,0.296253429005427,0.383229008134325,0.772221405226316,2.34775734771909,8.59615215446365
"2","4-6mo",25.3609404933176,27.9093418029615,16.3324017160613,7.56729255342681,3.18667802532152,1.21580749485178,0.408748355013962,0.356364630257429,0.459326504904579,0.922072406027045,2.79067566601322,10.1246468698424
"3","7-11mo",27.2394736272735,28.9845407995876,15.809330203308,6.72733607878307,2.66026128113403,0.98851793101667,0.43178067583628,0.381808273158572,0.496149906621371,1.00040739839426,3.03312029797607,10.9873295603334
"4","12-23mo",23.4597656037764,24.2131200084098,13.2799886468284,5.66151834297067,2.22401300714348,0.819147552427603,0.339504676625299,0.315451593150976,0.428011283798349,0.895927880282667,2.78205837906839,9.96910215718238
"5","24-59mo",14.5568266405887,15.4057134224488,9.04048141384667,4.0092674093901,1.56925427692644,0.567279471960988,0.209858380926685,0.193325788181715,0.263554146220241,0.556693883915342,1.74280449200484,6.24124148381112
"6","0-12mo",74.7565493511115,83.1274573021295,49.1584640880017,22.6369122851869,9.31274044953097,3.45874735871339,1.17967595596463,1.03442633242143,1.33870541966027,2.69470120964763,8.17155331170838,29.7081285846394
"7","0-59mo",112.773141595477,122.746290732988,71.4789341486767,32.3076980375476,13.1060077336009,4.84517438310198,1.72903901351662,1.54320371375412,2.03027084967886,4.14732297384563,12.6964161827816,45.9184722256329
