"","...1","jan","feb","mar","apr","may","jun","jul","aug","sep","oct","nov","dec"
"1","0-3mo",1770.35137119463,2100.18684632965,1363.88134324198,667.893398075345,276.917275119708,100.062127721031,27.0610600598976,23.6383521218658,30.5800995433883,61.6246219553009,187.370352949899,686.206720568133
"2","4-6mo",2846.94521603579,3133.63290974461,1834.01591061729,849.807483618662,357.881115904438,136.538369542654,45.9180622363814,40.0265373424925,51.5824364096477,103.531789675452,313.289682299525,1136.48917715729
"3","7-11mo",7758.22753358411,8244.02801373568,4478.02200021432,1892.44833495385,742.379222728682,273.780778454171,121.475360743786,107.947510158952,140.747526690947,284.405435820411,863.360234075376,3129.35790082544
"4","12-23mo",10693.8028808336,11040.3471717442,6056.30925416677,2581.86483016608,1014.06318979253,373.407301136947,154.849246620264,143.856710356069,195.156946633209,408.444008143801,1268.1076678731,4543.66427979405
"5","24-59mo",18935.7643173892,20027.8460895457,11744.0817246952,5205.16101980828,2036.49185108061,735.95055820097,273.050522818993,251.575121759068,342.994076552575,724.521724782264,2268.13386093215,8121.32299573019
"6","0-12mo",12375.5241208145,13477.8477698099,7675.91925407359,3410.14921664786,1377.17761375283,510.381275717857,194.454483040065,171.61239962331,222.910062643983,449.561847451163,1364.0202693248,4952.05379855087
"7","0-59mo",42005.0913190373,44546.0410310998,25476.3102329355,11197.1750666222,4427.73265462597,1619.73913505577,622.354252479323,567.044231738447,761.061085829766,1582.52758037723,4900.26179813005,17617.0410740751
