"","...1","jan","feb","mar","apr","may","jun","jul","aug","sep","oct","nov","dec"
"1","0-3mo",1770.14279911556,2099.53037837574,1363.30824011274,667.638281592424,276.852245172004,100.060501444446,27.0392582980627,23.6228770258332,30.5649522052145,61.6040432662032,187.338548026879,686.170755971754
"2","4-6mo",2846.75452043631,3132.74190411703,1833.26779806083,849.50166665754,357.810774221604,136.542804968101,45.8840893904485,40.0029898984701,51.5602786074426,103.503938882965,313.256487189052,1136.49891211314
"3","7-11mo",7759.41370350453,8243.37774818688,4477.0058772011,1892.07564815218,742.351425356915,273.834714015015,121.413318773963,107.908749232089,140.719287180751,284.393839747581,863.464835744678,3130.08927264087
"4","12-23mo",10698.838289827,11042.4059573916,6056.34572070423,2581.93838119943,1014.26228717604,373.572666792535,154.831284131389,143.861862918499,195.194768307602,408.58837519454,1268.75916892024,4546.4142172542
"5","24-59mo",18948.1030882041,20036.6281765614,11747.675463077,5206.86278210818,2037.45742646282,736.462765026471,273.055899421114,251.617525387142,343.104286801862,724.867226101986,2269.5833979544,8127.37055272943
"6","0-12mo",12376.3110230564,13475.6500306797,7673.58191537467,3409.21559640214,1377.01444475052,510.438020427563,194.336666462474,171.534616156392,222.844517993408,449.501821896749,1364.05987096061,4952.75894072576
"7","0-59mo",42023.2524010875,44554.6841646327,25477.6030991559,11198.0167597098,4428.73415838938,1620.47345224657,622.223850014976,567.014004462033,761.143573102873,1582.95742319328,4902.40243783526,17626.5437107094
