"","age_group","asymp_averted","symp_nhc_averted","pri_averted","sec_averted","hosp_averted","icu_averted","death_averted","incr_QALY_undis","incr_direct_cost_undis","indirect_cost_undist","incr_QALY_dis","incr_direct_cost_dis","inter_cost","total_costd_dist","acer_payers","indirect_cost","total_cost_societal","acer_societal"
"1","0-3mo",528.502584575897,3551.91278624667,1192.75161597756,42.6892328558958,453.82265125989,5.6704103191415,0.0646102811562457,191.601132251699,17901975.0066549,5604828.10253197,165.143281073712,15429745.6462323,46288067.1194055,30858321.4731732,NA,4830844.86032669,26027476.6128465,NA
"2","4-6mo",374.501825986921,2531.02491259447,1038.65507871525,22.5500188642364,121.716045792406,0.827799800163353,0.0269694687666454,129.946481326922,4932717.67404012,2509675.53971619,112.005554656255,4251702.24645831,91827.9173020029,-4159874.3291563,NA,2163165.86070519,-6323040.18986149,NA
"3","7–11mo",244.186279050871,1938.00997610375,438.793933973269,8.23272231543413,36.5661611644391,0.0837127668560171,0.0352854069803726,87.9458248226592,1497305.38482846,930266.935319763,75.7645150085127,1289965.88560548,2954.78667282878,-1287011.09893265,NA,801447.918838887,-2088459.01777154,NA
"4","12–23mo",430.201770569804,1840.26854515475,336.708311233187,4.03701317857657,28.0590259360988,0.196413181552692,0.00482139430473853,71.2171287815233,1168968.36383488,712205.81222743,61.4080619889403,1007960.88315929,0,-1007960.88315929,NA,614110.374320911,-1622071.25748021,NA
"5","24-59mo",228.023013023496,1108.31647541771,56.9724139245104,0.854586802102538,4.74770116037587,0.0332339081226314,0.00475892510001164,37.3321501681521,197972.563438533,120746.512119593,32.1862488025945,170704.833677936,0,-170704.833677936,NA,104115.423364357,-274820.257042293,NA
"6","0-11mo",1147.19068961369,8020.94767494489,2670.20062866608,73.4719740355663,612.104858216734,6.58192288616087,0.126865156903264,409.493438401281,24331998.0655235,9044770.57756793,352.913350738479,20971413.7782961,46382849.8233803,25411436.0450842,72004.745617898,7795458.63987076,17615977.4052135,49915.8713274848
"7","0-59mo",1805.41547320699,10969.5326955174,3063.88135382377,78.3635740162454,644.911585313209,6.8115699758362,0.136445476308014,518.042717350957,25698938.9927969,9877722.90191495,446.507661530014,22150079.4951333,46382849.8233803,24232770.328247,54271.7906456753,8513684.43755603,15719085.890691,35204.5154988552
