"","age_group","asymp_averted","symp_nhc_averted","pri_averted","sec_averted","hosp_averted","icu_averted","death_averted","incr_QALY_undis","incr_direct_cost_undis","indirect_cost_undist","incr_QALY_dis","incr_direct_cost_dis","inter_cost","total_costd_dist","acer_payers","indirect_cost","total_cost_societal","acer_societal"
"1","0-3mo",89.1636447326209,597.630923843019,205.382867758179,7.41515964795384,73.8096390905094,0.847408781205498,0.0101514790743517,32.1140812184017,2903153.88761278,927192.889800537,27.6744000750774,2501762.8892356,23677256.0124719,21175493.1232363,NA,799005.884940915,20376487.2382954,NA
"2","4-6mo",95.3690048616559,640.131443222166,269.130108099508,5.70393247448756,30.8118526266344,0.210361144371073,0.00685153754849206,33.1244828808722,1250872.46606001,643933.00536342,28.5541661569538,1078279.44975695,0,-1078279.44975695,NA,555089.725217177,-1633369.17497413,NA
"3","7–11mo",117.589176910605,949.807190782834,196.367374542599,3.59694864747405,16.3639478785499,0.0362136041722038,0.0170478391333337,42.2348240108236,669765.981542319,416173.58398889,36.4216623358641,577555.307301996,0,-577555.307301996,NA,358876.482053081,-936431.789355077,NA
"4","12–23mo",95.5180219699832,408.596206133552,74.7595990301224,0.896341065667045,6.2299665858435,0.0436097661009045,0.00107049779575753,15.8120332700528,259546.923089381,158131.590972733,13.6510368012009,224075.202642411,0,-224075.202642411,NA,136520.086116295,-360595.288758706,NA
"5","24-59mo",95.9673472627346,466.530491598489,23.9068320887918,0.359824715796655,1.99223600739936,0.0139456520517953,0.00200375856398854,15.7127183879693,83074.7533855252,50669.4935803916,13.5537753424155,71669.410762025,0,-71669.410762025,NA,43713.0373119703,-115382.448073995,NA
"6","0-11mo",302.121826504882,2187.56955784802,670.880350400284,16.7160407699155,120.985439595694,1.09398352974878,0.0340508557561775,107.473388110097,4823792.33521511,1987299.47915285,92.6502285678953,4157597.64629456,23677256.0124719,19519658.3661774,210681.16795711,1712972.09221117,17806686.2739662,192192.577926748
"7","0-59mo",493.607195737597,3062.69625558006,769.546781519199,17.9722065513791,129.207642188937,1.15153894790148,0.0371251121159237,138.99813976812,5166414.01169002,2196100.56370597,119.855040711513,4453342.25969899,23677256.0124719,19223913.7527729,160393.035108505,1893205.21563943,17330708.5371335,144597.24375588
