"","age_group","asymp_averted","symp_nhc_averted","pri_averted","sec_averted","hosp_averted","icu_averted","death_averted","incr_QALY_undis","incr_direct_cost_undis","indirect_cost_undist","incr_QALY_dis","incr_direct_cost_dis","inter_cost","total_costd_dist","acer_payers","indirect_cost","total_cost_societal","acer_societal"
"1","0-3mo",83.9317694275667,562.592453644091,193.255211314729,6.97754024654087,69.5287178077574,0.799469131702537,0.00956815320229533,30.2402648059262,2734898.31349533,873120.122520104,26.0595255397537,2356763.20906726,23677256.0124719,21320492.8034047,NA,752406.06491299,20568086.7384917,NA
"2","4-6mo",88.5443253034123,594.576366351394,249.606474004329,5.29777836807462,28.6161619052375,0.195302855924854,0.00636212679879225,30.7589182212917,1161608.73190669,597565.519928258,26.5139107364317,1001292.24079067,0,-1001292.24079067,NA,515098.038848918,-1516390.27963959,NA
"3","7–11mo",104.185738490969,840.54053197931,174.888076340056,3.21053865080447,14.5740063616713,0.0323302744479027,0.0151010346210718,37.2836055724042,596525.311063975,370661.856171127,32.1485685017603,514346.070652544,0,-514346.070652544,NA,319598.281037891,-833944.351690436,NA
"4","12–23mo",90.4396710236815,386.87261002804,70.7848990452449,0.848685823178158,5.89874158710359,0.0412911911097256,0.00101358326400763,15.0042348507607,245747.743256129,149724.300933698,12.9520223469804,212135.8516054,0,-212135.8516054,NA,129245.915603342,-341381.767208742,NA
"5","24-59mo",105.169432299203,511.228952461999,26.2325485421984,0.394262084143101,2.18604571184989,0.0153023199829492,0.0021955266049703,17.3295791894438,91155.8833210804,55597.9601984667,14.947539724343,78634.4739951342,0,-78634.4739951342,NA,47960.847666678,-126595.321661812,NA
"6","0-11mo",276.661833221949,1997.70935197479,617.749761659112,15.48585726542,112.718886074666,1.02710226207529,0.0310313146221594,98.2827885996221,4493032.356466,1841347.49861949,84.7220047779458,3872401.52051048,23677256.0124719,19804854.4919615,233762.816919518,1587102.3847998,18217752.1071617,215029.757085068
"7","0-59mo",472.270936544832,2895.81091446485,714.767209246555,16.7288051727412,120.80367337362,1.08369577316797,0.0342404244911374,130.616602639827,4829935.98304319,2046669.75975166,112.62156684927,4163171.84611101,23677256.0124719,19514084.1663609,173271.289969515,1764309.14806982,17749775.0182911,157605.470380705
