"","age_group","asymp_averted","symp_nhc_averted","pri_averted","sec_averted","hosp_averted","icu_averted","death_averted","incr_QALY_undis","incr_direct_cost_undis","indirect_cost_undist","incr_QALY_dis","incr_direct_cost_dis","inter_cost","total_costd_dist","acer_payers","indirect_cost","total_cost_societal","acer_societal"
"1","0-3mo",528.257716447986,3553.24139110954,1190.03975534476,42.5877350401466,452.879040136009,5.66007027116067,0.0644836982322311,191.463967629521,17864908.1373613,3938695.89901252,165.025039139035,15397796.6088652,46288067.1194055,30890270.5105403,NA,3394771.85481542,27495498.6557249,NA
"2","4-6mo",374.060782422154,2531.79419834437,1034.12157000375,22.4528035638977,121.203641540875,0.824291121946996,0.0268556851840548,129.756145937786,4911892.24212928,1061454.07941758,111.841316265619,4233742.04425303,91827.9173020029,-4141914.12695103,NA,914908.057197894,-5056822.18414892,NA
"3","7–11mo",243.220580189128,1933.56481336107,434.135490119756,8.14766743500256,36.1779575099796,0.082869538863946,0.034866913086148,87.4368488624002,1481419.43073875,316946.242311419,75.3250855869403,1276258.71832043,2954.78667282878,-1273303.9316476,NA,273052.452382778,-1546356.38403038,NA
"4","12–23mo",429.868847459971,1842.15049546964,333.430394750718,3.99658909640458,27.7858662292264,0.194501063604584,0.00477447578924564,71.1331929302623,1157587.07683616,241802.549754004,61.3353641700467,998140.047224589,0,-998140.047224589,NA,208496.460411707,-1206636.5076363,NA
"5","24-59mo",231.137952535395,1124.16790351756,57.1010950058217,0.85887304079516,4.75842458381845,0.0333089720867297,0.00478282417073023,37.7712941907457,198422.165607518,41651.9897580999,32.5646078581892,171090.584725577,0,-171090.584725577,NA,35914.5291680754,-207005.113893653,NA
"6","0-11mo",1145.53907905927,8018.60040281498,2658.29681546826,73.1882060390469,610.260639186864,6.56723093197161,0.126206296502434,408.656962429707,24258219.8102294,5317096.22074152,352.191440991595,20907797.3714386,46382849.8233803,25475052.4519417,72332.9686269964,4582732.36439609,20892320.0875456,59320.9194088399
"7","0-59mo",1806.54587905463,10984.9188018022,3048.8283052248,78.0436681762466,642.804929999909,6.79504096766293,0.13576359646241,517.561449550715,25614229.052673,5600550.76025362,446.09141301983,22077028.0033888,46382849.8233803,24305821.8199915,54486.1907460906,4827143.35397587,19478678.4660156,43665.2172570508
