"","age_group","asymp_averted","symp_nhc_averted","pri_averted","sec_averted","hosp_averted","icu_averted","death_averted","incr_QALY_undis","incr_direct_cost_undis","indirect_cost_undist","incr_QALY_dis","incr_direct_cost_dis","inter_cost","total_costd_dist","acer_payers","indirect_cost","total_cost_societal","acer_societal"
"1","0-3mo",153.969550309162,1035.43728144361,351.178574979988,12.746073491273,127.558806993892,1.47577573483986,0.0175782142855661,55.4686830924448,5017863.66313064,1109048.22179408,47.8041980514037,4324432.33055683,23644162.4312044,19319730.1006476,NA,955786.728866802,18363943.3717808,NA
"2","4-6mo",127.508405796728,865.920474167977,349.865251868176,7.613066045153,41.1059658417064,0.279721457328136,0.00910258570922554,44.1956200086213,1665602.10579419,359989.442615741,38.107907390275,1436159.61657469,0,-1436159.61657469,NA,310398.649549435,-1746558.26612412,NA
"3","7–11mo",102.324033035904,823.561133872969,173.516893677942,3.21279473519382,14.4597411398285,0.0325499645493955,0.0145347513724356,36.7624358404685,591957.001475941,126610.879537661,31.715313438049,510681.322955746,0,-510681.322955746,NA,109227.24770005,-619908.570655797,NA
"4","12–23mo",168.068388398944,722.250060659811,128.525634982399,1.53985373246849,10.7104695818665,0.0749732870730639,0.00184040315485616,27.8256786056495,446208.195539501,93205.37923053,24.0074638284639,384983.348809246,0,-384983.348809246,NA,80416.5400379682,-465399.888847214,NA
"5","24-59mo",83.9354800649562,409.173993970777,19.8680988850369,0.30834766267418,1.65567490708639,0.011589724349605,0.00171717425481205,13.7089567020726,69050.0897423327,14505.8577876487,11.8165226769311,59527.8514473289,0,-59527.8514473289,NA,12505.3882915759,-72033.2397389049,NA
"6","0-11mo",383.801989141794,2724.91888948455,874.560720526106,23.5719342716198,183.124513975427,1.78804715671739,0.0412155513672273,136.426738941534,7275422.77040078,1595648.54394748,117.627418879727,6271273.27008726,23644162.4312044,17372889.1611172,147694.213871009,1375412.62611629,15997476.5350009,136001.254531974
"7","0-59mo",635.805857605694,3856.34294411514,1022.95445439354,25.4201356667625,195.49065846438,1.87461016814006,0.0447731287768955,177.961374249257,7790681.0556826,1703359.78096565,153.451405385123,6715784.47034383,23644162.4312044,16928377.9608606,110317.516599961,1468334.55444583,15460043.4064148,100748.789935251
