"","age_group","asymp_averted","symp_nhc_averted","pri_averted","sec_averted","hosp_averted","icu_averted","death_averted","incr_QALY_undis","incr_direct_cost_undis","indirect_cost_undist","incr_QALY_dis","incr_direct_cost_dis","inter_cost","total_costd_dist","acer_payers","indirect_cost","total_cost_societal","acer_societal"
"1","0-3mo",84.3489330516416,565.385677873142,194.223805084465,7.01242521162152,69.869039255566,0.803264159706005,0.00961446978010852,30.3875632919801,2748273.02859128,877424.929920487,26.1865178489014,2368293.74219317,23677256.0124719,21308962.2702788,NA,756117.373209022,20552844.8970697,NA
"2","4-6mo",89.1164417241123,598.392799846526,251.24577126709,5.33180183779909,28.8001037099747,0.19656447635163,0.0064031443602717,30.9478718778872,1169087.96119415,601455.085710565,26.6769517739793,1007745.43545996,0,-1007745.43545996,NA,518454.116981041,-1526199.552441,NA
"3","7–11mo",105.322384678986,849.806175238158,176.70997422959,3.24332766949779,14.7258311857992,0.0326596857056687,0.0152661251206934,37.839432600151,602737.683650646,374522.230132964,32.6283315912374,519709.872468676,0,-519709.872468676,NA,322931.352645075,-842641.225113751,NA
"4","12–23mo",85.3564484896033,365.128174794561,66.8063861888122,0.800984865712238,5.56719884906761,0.0389703919434741,0.000956614134979966,14.1299787369405,231935.326071512,141308.945904309,12.1976704653612,200217.612475153,0,-200217.612475153,NA,121984.607733358,-322202.220208511,NA
"5","24-59mo",83.3446414850987,405.163698605902,20.7655281449706,0.312490012255381,1.73046067874753,0.012113224751233,0.00174016510230862,13.6453876656778,72158.860989416,44011.5603168271,11.7702656872939,62250.8618152943,0,-62250.8618152943,NA,37968.3841078375,-100219.245923132,NA
"6","0-11mo",278.787759454741,2013.58465295783,622.179550581146,15.5875547189184,113.39497415134,1.0324883217633,0.0312837392610735,99.1748677700184,4520098.67343608,1853402.24576402,85.4918012141181,3895749.0501218,23677256.0124719,19781506.9623501,231384.842539537,1597502.84283514,18184004.119515,212698.806918015
"7","0-59mo",447.488849429443,2783.87652635828,709.751464914931,16.701029596886,120.692633679155,1.08357193845801,0.0339805184983621,126.950234172637,4824192.86049701,2038722.75198516,109.459737366774,4158217.52441224,23677256.0124719,19519038.4880597,178321.627272464,1757455.83467633,17761582.6533834,162265.898682622
