"","age_group","asymp_averted","symp_nhc_averted","pri_averted","sec_averted","hosp_averted","icu_averted","death_averted","incr_QALY_undis","incr_direct_cost_undis","indirect_cost_undist","incr_QALY_dis","incr_direct_cost_dis","inter_cost","total_costd_dist","acer_payers","indirect_cost","total_cost_societal","acer_societal"
"1","0-3mo",528.502584575897,3800.16872830456,1192.75161597756,21.3446164279479,226.911325629945,2.83520515957075,0.0646102811562457,188.625784786135,4770699.77661817,986725.839080792,162.578816322727,4111880.43310612,46288067.1194055,42176186.6862993,NA,850461.528261684,41325725.1580377,NA
"2","4-6mo",374.501825986921,2603.15794492279,1038.65507871525,11.2750094321182,60.8580228962028,0.413899900081676,0.0269694687666454,129.081966934467,1490246.55049206,266486.245075498,111.26039461878,1284497.67324138,91827.9173020029,-1192669.75593938,NA,229695.268043712,-1422365.02398309,NA
"3","7–11mo",244.186279050871,1960.40941784369,438.793933973269,4.11636115771707,18.2830805822195,0.0418563834280086,0.0352854069803726,87.6773675134061,482927.844865497,80085.8417742302,75.5332328683224,416054.352977674,2954.78667282878,-413099.566304846,NA,68995.9136581443,-482095.47996299,NA
"4","12–23mo",430.201770569804,1856.31656471208,336.708311233187,2.01850658928829,14.0295129680494,0.0982065907763461,0.00482139430473853,71.0247932671284,375577.397988934,61045.3149033252,61.2422177446051,323847.366176514,0,-323847.366176514,NA,52637.2581383084,-376484.624314822,NA
"5","24-59mo",228.023013023496,1111.11761939894,56.9724139245104,0.427293401051269,2.37385058018793,0.0166169540613157,0.00475892510001164,37.2985784575371,63593.8133059489,10388.7141911308,32.1573017104115,54834.7341888542,0,-54834.7341888542,NA,8957.79440732719,-63792.5285961814,NA
"6","0-11mo",1147.19068961369,8363.73609107104,2670.20062866608,36.7359870177831,306.052429108367,3.29096144308044,0.126865156903264,405.385119234009,6743874.17197572,1333297.92593052,349.372443809829,5812432.45932518,46382849.8233803,40570417.3640551,116123.690012995,1149152.70996354,39421264.6540916,112834.498978258
"7","0-59mo",1805.41547320699,11331.1702751821,3063.88135382377,39.1817870081227,322.455792656604,3.4057849879181,0.136445476308014,513.708490958675,7183045.38327061,1404731.95502498,442.771963264846,6191114.55969055,46382849.8233803,40191735.2636898,90772.9906097259,1210747.76250918,38980987.5011806,88038.5180980033
