"","age_group","asymp_averted","symp_nhc_averted","pri_averted","sec_averted","hosp_averted","icu_averted","death_averted","incr_QALY_undis","incr_direct_cost_undis","indirect_cost_undist","incr_QALY_dis","incr_direct_cost_dis","inter_cost","total_costd_dist","acer_payers","indirect_cost","total_cost_societal","acer_societal"
"1","0-3mo",153.471385703404,1099.4827737101,352.153097623999,6.39240415829595,63.9521477933289,0.739838000682446,0.017624491804976,54.4788453049805,1345020.40881712,278014.192719081,46.9509881882712,1159147.86653028,23644162.4312044,22485014.5646741,NA,239594.235445996,22245420.3292281,NA
"2","4-6mo",126.825074648036,882.109484399347,351.168310250916,3.82174338166774,20.6286040016523,0.140375635431839,0.00913578849360612,43.7108015511037,504848.711494417,90329.3293144216,37.6895720348685,435303.427064774,0,-435303.427064774,NA,77885.2446299241,-513188.671694698,NA
"3","7–11mo",100.946268777639,817.776470404966,174.427708802647,1.61523275392329,7.26782120011026,0.0163582171355597,0.0146128380403432,36.2019203907721,191936.948958929,31819.1370193523,31.2310144490748,165579.429952181,0,-165579.429952181,NA,27449.6205975373,-193029.050549718,NA
"4","12–23mo",171.34055597569,739.33287592791,134.104025587614,0.803929841551245,5.58766773281724,0.0391136741297209,0.00192026262387937,28.287886687194,149584.786920084,24313.098900995,24.4057191034462,129056.091088397,0,-129056.091088397,NA,20976.4212726015,-150032.512360999,NA
"5","24-59mo",98.3194396677736,479.515283339337,24.1605674413559,0.184765669524435,1.00669031005648,0.00704683217039537,0.00205785103800438,16.0819892256159,26970.3882085052,4408.06742574729,13.8619926578242,23250.8276175074,0,-23250.8276175074,NA,3800.12155798404,-27050.9491754915,NA
"6","0-11mo",381.242729129079,2799.36872851441,877.749116677562,11.829380293887,91.8485729950914,0.896571853249845,0.0413731183389253,134.391567246856,2041806.06927046,400162.659052855,115.871574672215,1760030.72354724,23644162.4312044,21884131.7076572,188865.403525968,344929.100673457,21539202.6069837,185888.581111591
"7","0-59mo",650.902724772539,4018.21688778169,1036.01370970653,12.8180758049627,98.4429310379651,0.942732359549961,0.0453512320008091,178.761443159666,2218361.24439905,428883.825379597,154.139286433485,1912337.64225314,23644162.4312044,21731824.7889513,140988.227542685,369705.643504042,21362119.1454472,138589.710901935
