"","age_group","asymp_averted","symp_nhc_averted","pri_averted","sec_averted","hosp_averted","icu_averted","death_averted","incr_QALY_undis","incr_direct_cost_undis","indirect_cost_undist","incr_QALY_dis","incr_direct_cost_dis","inter_cost","total_costd_dist","acer_payers","indirect_cost","total_cost_societal","acer_societal"
"1","0-3mo",89.1636447326209,638.24332321225,205.382867758179,3.70757982397692,36.9048195452547,0.423704390602749,0.0101514790743517,31.6273416119616,776620.731673345,445909.862088036,27.2549561621602,669246.078655301,23677256.0124719,23008009.9338166,NA,384264.941906427,22623744.9919102,NA
"2","4-6mo",95.3690048616559,658.389335772728,269.130108099508,2.85196623724378,15.4059263133172,0.105180572185537,0.00685153754849206,32.9056620386536,379327.818269631,441551.389034593,28.3655380756941,326989.898654616,0,-326989.898654616,NA,380632.583847851,-707622.482502466,NA
"3","7–11mo",117.589176910605,959.787639045848,196.367374542599,1.79847432373703,8.18197393927494,0.0181068020861019,0.0170478391333337,42.1152083383915,216042.420584872,308756.38395788,36.3185153224433,186298.586585953,0,-186298.586585953,NA,266248.108595179,-452546.695181132,NA
"4","12–23mo",95.5180219699832,412.159359959303,74.7595990301224,0.448170532833522,3.11498329292175,0.0218048830504523,0.00107049779575753,15.7693288714513,83389.7315322999,117469.779732084,13.6141687210229,71993.0360529115,0,-71993.0360529115,NA,101415.437272441,-173408.473325352,NA
"5","24-59mo",95.9673472627346,467.706521960077,23.9068320887918,0.179912357898328,0.996118003699678,0.00697282602589766,0.00200375856398854,15.6986236640855,26685.6292883568,37590.2458476638,13.5416159585077,23021.9596030856,0,-23021.9596030856,NA,32429.4823840093,-55451.4419870949,NA
"6","0-11mo",302.121826504882,2256.42029803083,670.880350400284,8.35802038495774,60.4927197978468,0.546991764874388,0.0340508557561775,106.648211989007,1371990.97052785,1196217.63508051,91.9390095602976,1182534.56389587,23677256.0124719,22494721.4485761,244670.043283673,1031145.63434946,21463575.8142266,233454.503337344
"7","0-59mo",493.607195737597,3136.28617995023,769.546781519199,8.98610327568957,64.6038210944685,0.575769473950738,0.0371251121159237,138.116164524543,1482066.33134851,1351277.66066025,119.094794239828,1277549.55955186,23677256.0124719,22399706.4529201,188083.002249557,1164990.55400591,21234715.8989142,178300.957942399
