"","age_group","asymp_averted","symp_nhc_averted","pri_averted","sec_averted","hosp_averted","icu_averted","death_averted","incr_QALY_undis","incr_direct_cost_undis","indirect_cost_undist","incr_QALY_dis","incr_direct_cost_dis","inter_cost","total_costd_dist","acer_payers","indirect_cost","total_cost_societal","acer_societal"
"1","0-3mo",153.837612517862,1102.4570843021,352.707135242198,6.40208080195937,64.0460054531495,0.74083390353618,0.0176497470931769,54.6020911919203,1346999.21249873,278421.895605457,47.0571681043641,1160852.32596519,23644162.4312044,22483310.1052392,NA,239945.412566984,22243364.6926723,NA
"2","4-6mo",127.350776391313,885.980710131194,352.428181985048,3.83447958661066,20.6981705882873,0.140853889064449,0.00916694460797789,43.8877097822802,506576.516168742,90633.8727674775,37.8420848888795,436792.9215733,0,-436792.9215733,NA,78147.7800282113,-514940.701601511,NA
"3","7–11mo",102.018186731265,826.710563973727,176.042117863253,1.62970619253281,7.33508824430217,0.016503688200604,0.0147601522741932,36.5802477760419,193712.664200303,32113.2723607987,31.5573790438179,167111.20343795,0,-167111.20343795,NA,27703.3485356939,-194814.551973644,NA
"4","12–23mo",171.928271917815,741.929285645158,134.506354347819,0.80633100047222,5.60443143115907,0.0392310200181134,0.00192602400671635,28.3833416430027,150033.554310275,24386.0337646313,24.4882705089685,129444.315100706,0,-129444.315100706,NA,21039.5164814759,-150483.831582182,NA
"5","24-59mo",99.5513373534523,485.526439690802,24.460386954961,0.18705415241951,1.01918278979002,0.0071342795285303,0.00208333914598019,16.2815673454375,27305.0738045266,4462.76611797721,14.0342591758179,23539.7653253218,0,-23539.7653253218,NA,3847.34328466118,-27387.108609983,NA
"6","0-11mo",383.20657564044,2815.14835840702,881.177435090498,11.8662665811028,92.079264285739,0.898191480801234,0.041576843975348,135.070048750242,2047288.39286777,401169.040733734,116.456632037061,1764756.45097644,23644162.4312044,21879405.980228,187875.998107734,345796.541130889,21533609.4390971,184906.682105011
"7","0-59mo",654.686184911705,4042.604083743,1040.14417639328,12.8596517339946,98.7028785066882,0.944556780347877,0.0455862071280444,179.734957738682,2224627.02098258,430017.840616342,154.979161721848,1917740.53140246,23644162.4312044,21726421.899802,140189.310991344,370683.400897026,21355738.4989049,137797.483620628
