"","age_group","asymp_averted","symp_nhc_averted","pri_averted","sec_averted","hosp_averted","icu_averted","death_averted","incr_QALY_undis","incr_direct_cost_undis","indirect_cost_undist","incr_QALY_dis","incr_direct_cost_dis","inter_cost","total_costd_dist","acer_payers","indirect_cost","total_cost_societal","acer_societal"
"1","0-3mo",528.502584575897,3801.40002980916,1191.73540127512,21.3254678569322,226.715387398795,2.83271440333512,0.0645546996345964,188.599940479857,4766580.82509507,985873.054177257,162.556541125826,4108330.30840744,46288067.1194055,42179736.810998,NA,849726.513218295,41330010.2977797,NA
"2","4-6mo",374.501825986921,2603.94278589204,1037.92243540915,11.2665415743093,60.8142930908735,0.413602830993912,0.0269502945865764,129.070084894193,1489180.08228235,266294.507693308,111.250153072481,1283578.44061158,91827.9173020029,-1191750.52330958,NA,229530.000970903,-1421280.52428048,NA
"3","7–11mo",244.186279050871,1960.67798024206,438.538453773743,4.11392396718459,18.2724355739059,0.0418319273905368,0.0352651761250122,87.6690513081051,482646.640120577,80039.1845207108,75.5260684174307,415812.086760036,2954.78667282878,-412857.300087207,NA,68955.7170799985,-481813.017167205,NA
"4","12–23mo",430.201770569804,1856.46775112536,336.564028404714,2.01761478899925,14.0235011835297,0.0981645082847078,0.00481932918074927,71.022984078759,375416.445411692,61019.1377235167,61.2406577435797,323708.582350601,0,-323708.582350601,NA,52614.6864639206,-376323.268814522,NA
"5","24-59mo",228.023013023496,1111.12775089136,56.962742918814,0.427235872910913,2.37344762161726,0.0166141333513208,0.0047582845394451,37.2983079972028,63583.0261271787,10386.9611462181,32.1570685108777,54825.4322439381,0,-54825.4322439381,NA,8956.28273471119,-63781.7149786493,NA
"6","0-11mo",1147.19068961369,8366.02079594326,2668.19629045801,36.705933398426,305.802116063574,3.28814916171957,0.126770170346185,405.339076682155,6738407.54749799,1332206.74639128,349.332762615737,5807720.83577906,46382849.8233803,40575128.9876013,116150.368158378,1148212.2312692,39426916.7563321,112863.49571426
"7","0-59mo",1805.41547320699,11333.61629796,3061.72306178154,39.1507840603362,322.199064868721,3.4029278033556,0.136347784066379,513.660368758116,7177407.01903687,1403612.84526101,442.730488870196,6186254.8503736,46382849.8233803,40196594.9730067,90792.4707773898,1209783.20046783,38986811.7725389,88059.9207703752
