"","age_group","asymp_averted","symp_nhc_averted","pri_averted","sec_averted","hosp_averted","icu_averted","death_averted","incr_QALY_undis","incr_direct_cost_undis","indirect_cost_undist","incr_QALY_dis","incr_direct_cost_dis","inter_cost","total_costd_dist","acer_payers","indirect_cost","total_cost_societal","acer_societal"
"1","0-3mo",456.775076032598,3074.50435546219,1020.87311321238,36.6496329280262,397.825289969596,5.09540776073653,0.0571759858322149,165.940366819646,15705200.0678815,3460268.49603794,142.956867458383,13530389.5235359,27474380.1460558,13943990.6225199,NA,2981094.76253613,10962895.8599838,NA
"2","4-6mo",201.131364809183,1377.40141293555,538.750971353329,12.2759092013083,66.197599442797,0.449218907379269,0.0145448553529256,69.6400056740006,2673969.64332286,579739.18864538,59.9403591393802,2301581.57142819,54504.65454666,-2247076.91688153,NA,499004.893216641,-2746081.81009817,NA
"3","7–11mo",70.7303529223927,558.746842572946,129.504993228679,2.39115342387943,10.7920827690566,0.025085162807118,0.0102132264717114,25.5639059382861,441936.37620138,94496.3533957042,21.9891831794523,380115.342370739,1753.81987954653,-378361.522491193,NA,81277.4578225864,-459638.980313779,NA
"4","12–23mo",288.863314619857,1235.77301283714,225.989308918994,2.70949556904161,18.8324424099161,0.131827096869413,0.00323598714982404,47.8468145434108,784579.207733434,163887.660013251,41.2140906419947,675817.032403197,0,-675817.032403197,NA,141168.757654983,-816985.79005818,NA
"5","24-59mo",166.962015029714,811.395524019492,41.8374976389973,0.625345848312008,3.48645813658305,0.0244052069560818,0.00348233978298351,27.4403702269401,145378.170270072,30512.5854780702,23.6281807952548,125191.179146502,0,-125191.179146502,NA,26275.5915286564,-151466.770675159,NA
"6","0-11mo",728.636793764174,5010.65261097068,1689.12907779438,51.3166955532139,474.81497218145,5.56971183092291,0.081934067656852,261.144278431933,18821106.0874057,4134504.03807902,224.886409777216,16212086.4373348,27530638.620482,11318552.1831472,50330.0852833212,3561377.11357536,7757175.06957183,34493.7476535665
"7","0-59mo",1184.46212341374,7057.82114782734,1956.95588435237,54.6515369705675,497.133872727949,5.72594413474841,0.0886523945896593,336.431463202283,19751063.4654092,4328904.28357034,289.728681214465,17013094.6488845,27530638.620482,10517543.9715975,36301.3559013584,3728821.462759,6788722.5088385,23431.3098737136
