"","age_group","asymp_averted","symp_nhc_averted","pri_averted","sec_averted","hosp_averted","icu_averted","death_averted","incr_QALY_undis","incr_direct_cost_undis","indirect_cost_undist","incr_QALY_dis","incr_direct_cost_dis","inter_cost","total_costd_dist","acer_payers","indirect_cost","total_cost_societal","acer_societal"
"1","0-3mo",456.874397100648,3076.88220013856,1019.84289723876,36.6104431941042,397.501821068628,5.09246129889627,0.0571354240195762,165.965299615664,15692557.100654,3457455.82605754,142.978317951154,13519485.3719483,27474380.1460558,13954894.7741075,NA,2978668.92733075,10976225.8467768,NA
"2","4-6mo",201.223443500994,1381.28019456541,536.13443647206,12.2197789857144,65.9046301111333,0.447213306292665,0.0144797201290984,69.648436672078,2662054.05015653,577170.742332846,59.9475599079826,2291303.21450097,54504.65454666,-2236798.55995431,NA,496789.360235665,-2733587.92018997,NA
"3","7–11mo",70.9098633606518,563.565069550365,126.747643129847,2.34026622362934,10.5623035941539,0.0245857791375794,0.00996699283765073,25.4468736988676,432532.810378477,92484.824888173,21.8881711661716,372004.01059524,1753.81987954653,-370250.190715693,NA,79542.3526582001,-449792.543373893,NA
"4","12–23mo",288.211046530581,1236.18275414476,222.558329159807,2.66727237034213,18.5465274299837,0.129825692009886,0.00318687629211173,47.6718333543256,772666.560220093,161397.998607751,41.0630764242219,665540.989142835,0,-665540.989142835,NA,139021.135448959,-804562.124591794,NA
"5","24-59mo",160.925852095459,782.761847004222,39.6849757784539,0.595410036796977,3.30708131487114,0.0231495692040986,0.00331566689009827,26.329540005343,137900.851338632,28945.8364217794,22.6703232365076,118743.330246961,0,-118743.330246961,NA,24924.5517632379,-143667.882010199,NA
"6","0-11mo",729.007703962294,5021.72746425433,1682.72497684066,51.170488403448,473.968754773915,5.56426038432651,0.0815821369863254,261.06060998661,18787143.961189,4127111.39327856,224.814049025308,16182792.5970445,27530638.620482,11347846.0234375,50476.5875292788,3555000.64022462,7792845.38321292,34663.5159902113
"7","0-59mo",1178.14460258833,7040.67206540331,1944.96828177892,54.4331708105871,495.822363518771,5.7172356455405,0.0880846801685353,335.061983346278,19697711.3727477,4317455.22830809,288.547448686038,16967076.9164343,27530638.620482,10563561.7040477,36609.4441387411,3718946.32743681,6844615.37661093,23720.9353531953
