"","age_group","asymp_averted","symp_nhc_averted","pri_averted","sec_averted","hosp_averted","icu_averted","death_averted","incr_QALY_undis","incr_direct_cost_undis","indirect_cost_undist","incr_QALY_dis","incr_direct_cost_dis","inter_cost","total_costd_dist","acer_payers","indirect_cost","total_cost_societal","acer_societal"
"1","0-3mo",85.2525628736432,572.124448850662,194.879801309319,7.08757881197083,71.3604430195066,0.832893668657713,0.00986348243347117,30.7750758958383,2807821.66556273,620461.803192039,26.5231212350867,2419846.32928485,6600968.4514731,4181122.12218824,NA,534728.86002499,3646393.26216325,NA
"2","4-6mo",60.2128036291613,409.479676845001,164.341746271791,3.64529383616784,19.665497203481,0.133461166175719,0.00434239497605811,20.7861161473658,795780.334347121,172222.642107254,17.9224972108202,686141.680694133,0,-686141.680694133,NA,148494.243616179,-834635.924310312,NA
"3","7–11mo",23.6429560524907,184.248692819583,45.5501932656825,0.873182358922833,3.7958494388069,0.00895786299258139,0.00340254560378755,8.59125329445624,155496.503431082,33283.0245360741,7.40862663913026,134102.654998934,0,-134102.654998934,NA,28703.8574000173,-162806.512398951,NA
"4","12–23mo",72.4649562788891,310.009034770381,56.6922297206975,0.679710672872503,4.72435247672479,0.0330704673370734,0.000811787636099237,11.9801235489388,196821.45536739,41113.2584736086,10.3269687630891,169661.928880334,0,-169661.928880334,NA,35440.011975158,-205101.940855492,NA
"5","24-59mo",11.5676346505752,56.4988416308624,2.63685118264948,0.044018683219015,0.219737598554104,0.00153816318987898,0.000245155891359594,1.88018771259567,9167.39807523414,1929.48879461456,1.60982413638658,7846.15126363747,0,-7846.15126363747,NA,1651.42474674247,-9497.57601037994,NA
"6","0-11mo",169.108322555295,1165.85281851525,404.771740846792,11.6060550070615,94.8217896617946,0.975312697826013,0.0176084230133169,60.1524453376605,3759098.50334094,825967.469835367,51.8542450850373,3240090.66497793,6600968.4514731,3360877.78649517,64813.9372385725,711926.961041186,2648950.82545398,51084.550958362
"7","0-59mo",253.140913484756,1532.36069491651,464.10082175014,12.329784363153,99.7658797370732,1.00992132835296,0.0186653665407757,74.0127565991943,3965087.35678357,869010.217103589,63.7910379845134,3417598.7451219,6600968.4514731,3183369.7063512,49903.0868117247,749018.397763085,2434351.30858812,38161.3371643068
