"","age_group","asymp_averted","symp_nhc_averted","pri_averted","sec_averted","hosp_averted","icu_averted","death_averted","incr_QALY_undis","incr_direct_cost_undis","indirect_cost_undist","incr_QALY_dis","incr_direct_cost_dis","inter_cost","total_costd_dist","acer_payers","indirect_cost","total_cost_societal","acer_societal"
"1","0-3mo",41.9417278129806,281.266683066669,96.2209023971259,3.47569435717627,34.9741169619051,0.407624537681519,0.00483751071683808,15.1234454306417,1376265.53469283,437834.628477618,13.0421199053533,1186876.67978199,6604738.18095781,5417861.50117582,NA,377580.847780235,5040280.65339558,NA
"2","4-6mo",38.5412673464073,259.742550346726,107.660487261729,2.31453146760261,12.4973573156072,0.0851575182352127,0.00277285870327706,13.3796359795763,506834.969587591,259096.14028684,11.538048951786,437071.990371048,0,-437071.990371048,NA,223435.875088103,-660507.865459152,NA
"3","7–11mo",43.6238969626306,352.958732734827,72.3201404558413,1.31396809798945,6.02667837132009,0.0133099655325191,0.0063276397036196,15.6647263678772,246652.334936865,153257.3086331,13.5270127818578,212962.255124768,0,-212962.255124768,NA,132324.024890034,-345286.280014802,NA
"4","12–23mo",38.1011965624966,162.984995328705,29.8208664588474,0.357541607601021,2.48507220490399,0.0173955054343269,0.000427011008966402,6.30725628198502,103530.706874635,63077.1314787697,5.45713467252426,89576.3532696441,0,-89576.3532696441,NA,54575.3002480641,-144151.653517708,NA
"5","24-59mo",41.8230384503731,203.38384244348,10.3561961553319,0.156964582289781,0.863016346277675,0.00604111442394339,0.000874096970558069,6.84741534158729,35988.2728676964,21951.0266504223,5.91664225877003,31102.6744613983,0,-31102.6744613983,NA,18971.0341815259,-50073.7086429242,NA
"6","0-11mo",124.106892122019,893.967966148222,276.201530114697,7.10419392276833,53.4981526488323,0.506092021449252,0.0139380091237348,44.1678077780953,2129752.83921729,850188.077397555,38.1071816389974,1836910.92527781,6604738.18095781,4767827.25568,125116.239265535,733340.74775837,4034486.50792163,105872.078028276
"7","0-59mo",204.031127134887,1260.33680392039,316.378592728877,7.6187001126591,56.846241200014,0.529528641307522,0.0152391171032591,57.3224794016669,2269271.81895962,935216.235526748,49.4809585702915,1957589.95300886,6604738.18095781,4647148.22794895,93917.9102875972,806887.082187966,3840261.14576098,77610.8882431127
