"","age_group","asymp_averted","symp_nhc_averted","pri_averted","sec_averted","hosp_averted","icu_averted","death_averted","incr_QALY_undis","incr_direct_cost_undis","indirect_cost_undist","incr_QALY_dis","incr_direct_cost_dis","inter_cost","total_costd_dist","acer_payers","indirect_cost","total_cost_societal","acer_societal"
"1","0-3mo",84.5071229804097,569.864850719224,191.181046429677,6.95097761047981,70.0628470245061,0.818464804270921,0.00968795586724953,30.4316459528458,2756827.17920914,609177.105899136,26.2266162749021,2375851.05655335,6600968.4514731,4225117.39491975,NA,524993.025989881,3700124.36892987,NA
"2","4-6mo",59.1747145579216,406.127384119003,158.219652554138,3.51529008989883,18.9751263419369,0.128731631747654,0.00418888854711574,20.4616357676017,767717.889765546,166173.306633851,17.6418463509443,661913.446839843,0,-661913.446839843,NA,143271.461204511,-805184.908044354,NA
"3","7–11mo",21.5712447334286,170.767315849971,39.1374121124845,0.756514432614026,3.26145100937362,0.00779712172383507,0.00282543534294039,7.68573440759928,133628.451992244,28607.1478962703,6.6255616232736,115211.214525467,0,-115211.214525467,NA,24664.4490531599,-139875.663578627,NA
"4","12–23mo",76.9592074118664,332.513496527921,57.2167270079708,0.684885228161789,4.76806058399745,0.0333764240879812,0.000819316501171133,12.700621345796,198641.222284745,41492.0760837412,10.9473149577366,171214.104343843,0,-171214.104343843,NA,35763.1131403362,-206977.217484179,NA
"5","24-59mo",27.5543716079719,134.781366218042,6.1045443027956,0.0962304347373859,0.508712025232967,0.00356098417663109,0.000535922768169661,4.49311577379558,21217.4356470611,4459.04701023689,3.86170414335538,18230.4863310549,0,-18230.4863310549,NA,3831.31500533409,-22061.801336389,NA
"6","0-11mo",165.25308227176,1146.7595506882,388.538111096299,11.2227821329926,92.2994243758167,0.954993557742409,0.0167022797573058,58.579016128047,3658173.52096693,803957.560429258,50.4940242491198,3152975.71791866,6600968.4514731,3447992.73355444,68285.1641323586,692928.936247552,2755063.79730689,54562.1751935312
"7","0-59mo",269.766661291596,1614.05441343418,451.859382407067,12.0038977958918,97.5761969850473,0.991930966007022,0.0180575190266465,75.7727532476374,3878032.17889874,849908.683523234,65.3030433502117,3342420.30859356,6600968.4514731,3258548.14287954,49898.8711047412,732523.364393219,2526024.77848632,38681.5782066936
