"","age_group","asymp_averted","symp_nhc_averted","pri_averted","sec_averted","hosp_averted","icu_averted","death_averted","incr_QALY_undis","incr_direct_cost_undis","indirect_cost_undist","incr_QALY_dis","incr_direct_cost_dis","inter_cost","total_costd_dist","acer_payers","indirect_cost","total_cost_societal","acer_societal"
"1","0-3mo",514.165363379946,3455.59944385961,1163.17446920373,41.5086605965104,438.711051824245,5.44130421275562,0.0623072094416407,186.223963705792,17302640.3544072,3815344.29322052,160.503926686596,14912378.7474067,1369490181.80963,1354577803.06222,NA,3288281.14395019,1351289521.91827,NA
"2","4-6mo",517.10662102269,3447.87848806083,1483.42133810861,30.7221773560705,166.140163909107,1.14190676971055,0.037041756219479,179.713430367719,6756709.50866136,1455053.54786109,155.043510840817,5829108.80595608,11549964.6489597,5720855.84300362,NA,1255289.79542785,4465566.04757577,NA
"3","7–11mo",564.477705047455,4496.60446127312,999.149880033577,18.9258244231283,83.2624900027981,0.188497940109569,0.0815390062464139,203.319709171092,3409247.21292074,729658.638428698,175.320702844149,2940055.58689407,1753.81987954653,-2938301.76701453,NA,629240.485103842,-3567542.25211837,NA
"4","12–23mo",650.379610520667,2782.35944165727,508.817947027968,6.10046545792707,42.401495585664,0.296810469099648,0.00728586828314325,107.668416596329,1766490.56395341,368995.255174001,92.9092452393522,1524340.28673412,0,-1524340.28673412,NA,318413.43766742,-1842753.72440154,NA
"5","24-59mo",333.509187244124,1621.39200317215,83.00020344735,1.25055591530239,6.91668362061245,0.0484167853442874,0.00696398909091217,54.6540263824518,288421.902350863,60546.8682136186,47.1652308459491,248941.427003052,0,-248941.427003052,NA,52258.7066012807,-301200.133604333,NA
"6","0-11mo",1595.74968945009,11400.0823931936,3645.74568734592,91.1566623757091,688.11370573615,6.77170892257574,0.180887971907534,569.257103244603,27468597.0759893,6000056.47951031,490.868140371561,23681543.1402569,1381041900.27846,1357360357.13821,2765223.98889192,5172811.42448188,1352187545.71373,2754685.90137097
"7","0-59mo",2579.63848721488,15803.833838023,4237.56383782124,98.5076837489386,737.431884942427,7.11693617701967,0.195137829281589,731.579546223384,29523509.5422936,6429598.60289792,630.942616456862,25454824.8539941,1381041900.27846,1355587075.42447,2148510.87890836,5543483.56875058,1350043591.85572,2139724.84445108
