"","age_group","asymp_averted","symp_nhc_averted","pri_averted","sec_averted","hosp_averted","icu_averted","death_averted","incr_QALY_undis","incr_direct_cost_undis","indirect_cost_undist","incr_QALY_dis","incr_direct_cost_dis","inter_cost","total_costd_dist","acer_payers","indirect_cost","total_cost_societal","acer_societal"
"1","0-3mo",514.575550990465,3459.89941545084,1162.99527808029,41.500316177101,438.666458847863,5.44113667234987,0.0623030633230463,186.358364548694,17300922.5028311,3814955.22606294,160.619327553049,14910859.7057342,35131849.464383,20220989.7586488,NA,3287937.29388377,16933052.464765,NA
"2","4-6mo",517.7147100936,3454.46564278437,1482.93418099627,30.7099270292593,166.082854528817,1.14151894265315,0.0370292914330639,179.905251415622,6754386.21697775,1454549.40607093,155.208188230381,5827081.15171004,11549964.6489597,5722883.49724965,NA,1254849.84457794,4468033.65267171,NA
"3","7–11mo",565.722477631172,4509.5522422069,998.6025974187,18.9153807513355,83.2168831182249,0.188401736938521,0.0814882665973173,203.5038022484,3407380.91674878,729258.943891166,175.478159183068,2938426.10626288,1753.81987954653,-2936672.28638333,NA,628891.516079138,-3565563.80246247,NA
"4","12–23mo",652.232448199806,2793.35239193527,507.468898557136,6.08324900353018,42.2890748797612,0.296023524158328,0.00726656827126447,107.911534370457,1761805.91626351,368015.475490888,93.117327029443,1520274.14970012,0,-1520274.14970012,NA,317563.024378654,-1837837.17407877,NA
"5","24-59mo",331.225768299531,1610.8529178988,81.9201327711648,1.2344315175548,6.82667773093038,0.0477867441165127,0.00687421260317994,54.1828568232168,284668.861138167,59759.1868211594,46.7559166651706,245689.152915221,0,-245689.152915221,NA,51576.1247675414,-297265.277682762,NA
"6","0-11mo",1598.01273871524,11423.9173004421,3644.53205649525,91.1256239576957,687.966196494905,6.77105735194154,0.180820621353428,569.767418212716,27462689.6365577,5998763.57602503,491.305674966498,23676366.9637071,46683567.9332223,23007200.9695151,46828.6896362106,5171678.65454085,17835522.3149743,36302.2924906993
"7","0-59mo",2581.47095521457,15828.1226102762,4233.92108782355,98.4433044787807,737.081949105596,7.11486762021638,0.194961402227872,731.86180940639,29509164.4139594,6426538.23833708,631.178918661111,25442330.2663225,46683567.9332223,21241237.6668998,33653.2749096845,5540817.80368704,15700419.8632127,24874.7532577882
