"","age_group","asymp_averted","symp_nhc_averted","pri_averted","sec_averted","hosp_averted","icu_averted","death_averted","incr_QALY_undis","incr_direct_cost_undis","indirect_cost_undist","incr_QALY_dis","incr_direct_cost_dis","inter_cost","total_costd_dist","acer_payers","indirect_cost","total_cost_societal","acer_societal"
"1","0-3mo",8.02978973570202,54.0586994471523,17.87119904675,0.643865897176184,7.05790586996613,0.0914453844482388,0.00101854603538933,2.92119267363773,278720.73971507,86233.6930146869,2.51425491873431,239957.79387968,4502755.66498819,4262797.87110851,NA,74229.3881357703,4188568.48297274,NA
"2","4-6mo",0.540687796691373,4.96599036498083,0.125176870355062,0.043576818316609,0.227273353713144,0.00125541776730698,4.36936767243129e-05,0.178243105286697,8564.24976120144,2163.04483536817,0.139641979666976,6859.66490126029,0,-6859.66490126029,NA,1588.62728428282,-8448.29218554311,NA
"3","7–11mo",-16.451101936957,-135.540970171529,-25.0711041450186,-0.444747785615817,-2.08925867875155,-0.00440591929572265,-0.00239394402408266,-5.88876819924235,-85460.1035795063,-53112.0788541846,-5.10705933598319,-74142.8715181351,0,74142.8715181351,NA,-46078.5651449319,120221.436663067,NA
"4","12–23mo",-5.67808531035917,-24.2890720312862,-4.44409727406855,-0.0532831494315786,-0.370341439505751,-0.00259239007654077,-6.36359263257447e-05,-0.939848245052644,-15428.8116624281,-9400.15973203443,-0.831426058459101,-13648.877725143,0,13648.877725143,NA,-8315.71695775911,21964.5946829021,NA
"5","24-59mo",-8.91600359804761,-43.6028110357729,-1.98144271275351,-0.0340310043531389,-0.165120226062754,-0.00115584158243909,-0.000189536369627208,-1.4587233065804,-6889.76647351123,-4205.43108556326,-1.27982771885036,-6062.20056251809,0,6062.20056251809,NA,-3700.21953190025,9762.42009441834,NA
"6","0-11mo",-7.8806244045636,-76.5162803593921,-7.07472822791533,0.242694929876961,5.19592054492796,0.0882948829198238,-0.00133170431196916,-2.78933242031735,201824.885896757,35284.6589958742,-2.45316243758202,172674.587262809,4502755.66498819,4330081.07772538,-1765101.65465984,29739.4502751194,4300341.62745026,-1752978.7516594
"7","0-59mo",-22.4747133129677,-144.408163426473,-13.5002682147388,0.155380776092272,4.66045887935934,0.0845466512608439,-0.00158487660792184,-5.18790397195062,179506.30776082,21679.0681782737,-4.56441621489193,152963.508975148,4502755.66498819,4349792.15601305,-952978.858900147,17723.5137854591,4332068.64222759,-949095.883958547
