"","age_group","asymp_averted","symp_nhc_averted","pri_averted","sec_averted","hosp_averted","icu_averted","death_averted","incr_QALY_undis","incr_direct_cost_undis","indirect_cost_undist","incr_QALY_dis","incr_direct_cost_dis","inter_cost","total_costd_dist","acer_payers","indirect_cost","total_cost_societal","acer_societal"
"1","0-3mo",52.7658504086828,357.017052731442,118.346673508358,4.30636828942565,43.6104569036061,0.512527976292013,0.00604343110858301,18.9898590132955,1716264.95118047,379188.471834618,16.3641575972293,1478939.45733672,4500660.30782257,3021720.85048585,NA,326754.359095548,2694966.4913903,NA
"2","4-6mo",33.1743979093071,230.216848929053,86.3131700135982,1.94762571224913,10.5138734762633,0.0711734346327804,0.00231567192176665,11.4410680226148,424909.264970906,92072.4797518943,9.86132632626834,366234.667609759,0,-366234.667609759,NA,79358.4127765992,-445593.080386358,NA
"3","7–11mo",2.18727099296621,15.7662674004168,5.35040563775783,0.128693122402922,0.445867136479762,0.00143473416442108,2.05938826218222e-05,0.711836218580402,18356.8440500535,3950.24406814622,0.603702217899354,15684.6353399996,0,-15684.6353399996,NA,3375.45221929671,-19060.0875592963,NA
"4","12–23mo",43.1493097856692,187.885335109655,30.754554345116,0.367613167420373,2.56287952875959,0.0179401567013162,0.000440399306937289,7.10359781926536,106771.073407456,22301.6776369223,6.11501368543554,91896.1945279129,0,-91896.1945279129,NA,19194.7031405903,-111090.897668503,NA
"5","24-59mo",9.83725865462293,48.5469561232894,1.78847996300783,0.0295453518725068,0.149039996917281,0.00104327997842146,0.000164561636095906,1.59280147868412,6217.58832958154,1308.26968826074,1.35821483212931,5279.84322158992,0,-5279.84322158992,NA,1111.00008837553,-6390.84330996545,NA
"6","0-11mo",88.127519310955,603.000169060906,210.010249159714,6.38268712407773,54.570197516349,0.585136145089212,0.00837969691297147,31.142763254491,2159531.06020144,475211.195654659,26.829186141397,1860858.76028647,4500660.30782257,2639801.54753609,98392.904414753,409488.224091444,2230313.32344465,83130.1147820995
"7","0-59mo",141.114087751248,839.432460293872,242.553283467834,6.77984564337061,57.2821170420261,0.604119581768948,0.00898465785600466,39.83916255244,2272519.72193846,498821.142979838,34.3024146589614,1958034.79803598,4500660.30782257,2542625.50978659,74123.8054249435,429793.92732041,2112831.58246618,61594.2522843419
