"","age_group","asymp_averted","symp_nhc_averted","pri_averted","sec_averted","hosp_averted","icu_averted","death_averted","incr_QALY_undis","incr_direct_cost_undis","indirect_cost_undist","incr_QALY_dis","incr_direct_cost_dis","inter_cost","total_costd_dist","acer_payers","indirect_cost","total_cost_societal","acer_societal"
"1","0-3mo",9.5545942903484,64.2708826418211,21.4045192999174,0.77149544223272,8.30630625524691,0.105425281170985,0.00118862049261208,3.46860223996237,327786.224147104,101997.737556823,2.98658427840348,282291.618958253,4502755.66498819,4220464.04602994,NA,87831.0187439844,4132633.02728596,NA
"2","4-6mo",2.49686970203584,18.0274080534036,5.71729725090154,0.160028711593171,0.856799142718842,0.0055722034442276,0.000183989677622468,0.859343989376384,34155.1203692295,15449.4127654526,0.727919291452167,28962.5466248542,0,-28962.5466248542,NA,13064.4862951823,-42027.0329200365,NA
"3","7–11mo",-12.6661208538922,-104.691777304972,-18.9997430749163,-0.33547537925682,-1.58331192290967,-0.00330772725834472,-0.00184421197342644,-4.53249320063446,-64757.6780702472,-40247.6111913752,-3.93472348453224,-56248.6991647128,0,56248.6991647128,NA,-34959.1424982715,91207.8416629843,NA
"4","12–23mo",-2.88371037543038,-12.3356105443527,-2.2570089595647,-0.0270607365780791,-0.188084079963801,-0.00131658855974681,-3.23185670812187e-05,-0.477418562158164,-7835.7794643119,-4774.02798096649,-0.43063718778194,-7067.98048458248,0,7067.98048458248,NA,-4306.23867810704,11374.2191626895,NA
"5","24-59mo",-5.0089257793079,-24.5999939000321,-1.01660814843899,-0.019360834548074,-0.0847173457032113,-0.000593021419922568,-0.000107841514785934,-0.818692958988322,-3536.87216311321,-2160.29990841169,-0.726482327858321,-3162.7453253679,0,3162.7453253679,NA,-1931.67064295802,5094.41596832592,NA
"6","0-11mo",-0.614656861507683,-22.3934866097406,8.12207347590265,0.596048774569056,7.57979347505625,0.107689757356868,-0.000471601803191946,-0.204546971295258,297183.66644609,77199.5391309038,-0.220219914676591,255005.4664184,4502755.66498819,4247750.19856979,-19288674.2545874,65936.3625408933,4181813.8360289,-18989262.8110868
"7","0-59mo",-8.50729301624597,-59.3290910541255,4.8484563678976,0.549627203442924,7.30699204938901,0.105780147377203,-0.000611761885058959,-1.5006584924422,285811.014818668,70265.2112415209,-1.37733943031708,244774.740608439,4502755.66498819,4257980.92437975,-3091453.58845896,59698.453219831,4198282.47115992,-3048110.27605115
