"","age_group","asymp_averted","symp_nhc_averted","pri_averted","sec_averted","hosp_averted","icu_averted","death_averted","incr_QALY_undis","incr_direct_cost_undis","indirect_cost_undist","incr_QALY_dis","incr_direct_cost_dis","inter_cost","total_costd_dist","acer_payers","indirect_cost","total_cost_societal","acer_societal"
"1","0-3mo",146.625926797519,989.489776507136,325.839269752852,11.6946664805446,127.07008532569,1.62890870446424,0.0182697178673659,53.2271889157714,5016567.67966976,1105250.30616346,45.8548107026492,4321861.93712199,8768419.19554973,4446557.25842774,NA,952190.858765966,3494366.39966178,NA
"2","4-6mo",64.4209233364907,444.763481808028,169.388088117653,3.86413544106254,20.8485605597666,0.141456961938678,0.00457988298077028,22.2603868102052,842050.552473508,182582.422722427,19.1598587110349,724762.368464954,17395.1025148915,-707367.265950063,NA,157151.59464217,-864518.860592233,NA
"3","7–11mo",22.4363839049788,180.586308385664,38.042966514241,0.702782904579578,3.17024720952008,0.00741266303485633,0.00296321345417455,7.9748826540449,129829.580613505,27759.9580738605,6.85944325859305,111644.358355923,559.729748791446,-111084.628607131,NA,23871.5852116621,-134956.213818793,NA
"4","12–23mo",89.1009492461217,384.452068401704,66.7197687621383,0.798823326861026,5.55998073017815,0.0389198651112466,0.000955392475130407,14.7104864827663,231633.443742361,48383.6930360878,12.6717790751131,199521.44612693,0,-199521.44612693,NA,41676.1237800959,-241197.569907026,NA
"5","24-59mo",50.0461842743971,243.920570333023,11.893826039392,0.180072547629571,0.991152169949316,0.00693806518964557,0.00100279313849672,8.17580265268816,41331.4045044538,8677.49951474508,7.0398315602979,35589.2455679197,0,-35589.2455679197,NA,7471.92089280812,-43061.1664607278,NA
"6","0-11mo",233.483234038988,1614.83956670083,533.270324384746,16.2615848261867,151.088893094977,1.77777832943777,0.0258128143023107,83.4624583800214,5988447.81275678,1315592.68695975,71.8741126722769,5158268.66394286,8786374.02781341,3628105.36387056,50478.6108513585,1133214.0386198,2494891.32525076,34711.9600157941
"7","0-59mo",372.630367559508,2243.21220543556,611.883919186275,17.2404807006773,157.640025995105,1.82363625973867,0.0277709999159377,106.348747515476,6261412.66100359,1372653.87951059,91.5857233076877,5393379.35563771,8786374.02781341,3392994.6721757,37047.2006949897,1182362.0832927,2210632.588883,24137.3055651506
