"","age_group","asymp_averted","symp_nhc_averted","pri_averted","sec_averted","hosp_averted","icu_averted","death_averted","incr_QALY_undis","incr_direct_cost_undis","indirect_cost_undist","incr_QALY_dis","incr_direct_cost_dis","inter_cost","total_costd_dist","acer_payers","indirect_cost","total_cost_societal","acer_societal"
"1","0-3mo",54.1764091413884,363.647842783432,123.643368959554,4.50077533229693,45.4771184273063,0.533405392877137,0.00629680514436359,19.5750921317235,1789633.54308644,395420.596895068,16.868478216106,1542165.98290635,4500660.30782257,2958494.32491622,NA,340742.661671876,2617751.66324434,NA
"2","4-6mo",35.0238657505986,238.935139496605,94.7990315119814,2.12711656662351,11.4714596719916,0.0777342371365162,0.00252867917554427,12.1212455328493,463830.888447773,100462.125211892,10.447918159208,399797.670508888,0,-399797.670508888,NA,86592.9694670751,-486390.639975963,NA
"3","7–11mo",5.81659097527108,41.9283457570891,14.2749230925374,0.290464727483069,1.18957692437812,0.0030496087029499,0.000825437239127536,2.23209875029465,48789.3983548544,10456.7228679541,1.91559927073308,41941.7389772534,0,-41941.7389772534,NA,8989.2183353398,-50930.9573125932,NA
"4","12–23mo",41.2472766061783,176.458098703268,32.2693920039228,0.386893411323456,2.68911600032686,0.0188238120022879,0.00046207202613624,6.80511019805499,112031.379420489,23401.793522317,5.85717911153256,96426.4441058673,0,-96426.4441058673,NA,20142.1400569137,-116568.584162781,NA
"5","24-59mo",-2.57314174682506,-12.3919356071565,-0.749258098401697,-0.00937205878530989,-0.0624381748668839,-0.000437067224067889,-5.21777292715186e-05,-0.451367636444047,-2601.64392987452,-543.903166798875,-0.405592202669595,-2331.06405275129,0,2331.06405275129,NA,-487.404018750414,2818.4680715017,NA
"6","0-11mo",95.0168658672583,644.511328037122,232.717323564073,6.91835662640352,58.1381550236761,0.614189238716603,0.00965092155903546,33.9284364148675,2302253.82988907,506339.444974912,29.2319956460472,1983905.3923925,4500660.30782257,2516754.91543006,86095.8979983424,436324.84947429,2080430.06595577,71169.6215046849
"7","0-59mo",133.691000726612,808.577491133241,264.237457469593,7.29587797894163,60.7648328491359,0.632575983494824,0.0100608158558999,40.2821789764785,2411683.56537968,529197.33533043,34.6835825549097,2078000.7724456,4500660.30782257,2422659.53537696,69850.325627161,455979.585512456,1966679.94986451,56703.483463709
