"","age_group","asymp_averted","symp_nhc_averted","pri_averted","sec_averted","hosp_averted","icu_averted","death_averted","incr_QALY_undis","incr_direct_cost_undis","indirect_cost_undist","incr_QALY_dis","incr_direct_cost_dis","inter_cost","total_costd_dist","acer_payers","indirect_cost","total_cost_societal","acer_societal"
"1","0-3mo",153.898250654598,1035.0293259254,350.825116877355,12.7367021217492,127.622511130488,1.47906981734969,0.0175977953161809,55.4290992371208,5020611.77676654,1109609.92547513,47.7771117025036,4327423.78711956,10501540.7182527,6174116.93113309,NA,956408.698282222,5217708.23285087,NA
"2","4-6mo",123.818186067078,841.825585906399,338.74455025216,7.39806680286441,39.9405331011711,0.271619593988683,0.00883992852664998,42.9003139387537,1617954.5379594,349782.239759174,37.0012294735424,1395458.98027914,0,-1395458.98027914,NA,301680.081336664,-1697139.0616158,NA
"3","7–11mo",87.4730280422536,701.72077591893,150.414580204586,2.80278846914962,12.5345483503821,0.0284373703274484,0.0123748873373309,31.366420238385,513198.823263526,109780.949297723,27.0823292979078,443074.91533732,0,-443074.91533732,NA,94780.3785186629,-537855.293855983,NA
"4","12–23mo",162.3814829245,697.923258726783,124.074634383524,1.48648781462197,10.3395528652935,0.0723768700570542,0.00177666837842844,26.8417153830953,430755.417232845,89977.5084102573,23.1700998210383,371840.849980917,0,-371840.849980917,NA,77671.2545215664,-449512.104502483,NA
"5","24-59mo",81.0724873198433,395.281887599049,19.1309209203719,0.297683571833581,1.59424341003097,0.0111597038702169,0.0016577919694844,13.2538838585569,66488.8907195181,13968.7179005952,11.4371706383495,57389.8022276685,0,-57389.8022276685,NA,12056.9975350681,-69446.7997627365,NA
"6","0-11mo",365.18946476393,2578.57568775073,839.9842473341,22.9375573937633,180.097592582041,1.77912678166582,0.0388126111801619,129.69583341426,7151765.13798948,1569173.11453203,111.860670473954,6165957.68273602,10501540.7182527,4335583.03551663,38758.7792666249,1352869.15813755,2982713.87737908,26664.5449624191
"7","0-59mo",608.643435008271,3671.78083407658,983.189802637997,24.7217287802188,192.031388857366,1.86266335559309,0.0422470715280747,169.791432655911,7649009.44594182,1673119.34084288,146.467940933341,6595188.33494461,10501540.7182527,3906352.38330805,26670.3577480198,1442597.41019418,2463754.97311386,16821.1211096027
