"","age_group","asymp_averted","symp_nhc_averted","pri_averted","sec_averted","hosp_averted","icu_averted","death_averted","incr_QALY_undis","incr_direct_cost_undis","indirect_cost_undist","incr_QALY_dis","incr_direct_cost_dis","inter_cost","total_costd_dist","acer_payers","indirect_cost","total_cost_societal","acer_societal"
"1","0-3mo",67.1424945184908,450.034343882766,154.62789566971,5.5980695823837,55.5938613956748,0.636385392396425,0.00763361947395885,24.1816873601883,2186344.24572717,698269.147026928,20.8512544314542,1885276.02279129,10507290.2113165,8622014.1885252,NA,602105.943848142,8019908.24467705,NA
"2","4-6mo",61.638112089119,416.287081834069,171.249822339187,3.70896778808419,20.0211697608808,0.136221867185722,0.00443776650879664,21.3889135474966,811528.119494297,413375.630225411,18.4384550064967,699583.522178836,0,-699583.522178836,NA,356354.869964924,-1055938.39214376,NA
"3","7–11mo",59.743188108916,482.110766403719,100.189779056219,1.82532897248534,8.34914825468491,0.0185502158263411,0.00866179415348839,21.4645515740949,341727.480948921,212325.530789917,18.5278696950734,294925.973712858,0,-294925.973712858,NA,183246.399116762,-478172.37282962,NA
"4","12–23mo",57.9817424295125,248.027749037319,45.3808791859246,0.544100639090232,3.78173993216035,0.0264721795251228,0.000649817973455119,9.59860650964947,157551.240410637,95989.688528426,8.29803359915309,136203.669574905,0,-136203.669574905,NA,82983.4648387935,-219187.134413699,NA
"5","24-59mo",57.6047801658897,280.10677416058,14.2854114860861,0.216142530213567,1.19045095717388,0.00833315670021717,0.00120364189945243,9.4305590105896,49642.0919518135,30278.8820859725,8.14540747650653,42885.0532585476,0,-42885.0532585476,NA,26157.4379919972,-69042.4912505448,NA
"6","0-11mo",188.523794716525,1348.43219212056,426.067497065118,11.1323663429532,83.9641794112404,0.79115747540849,0.0207331801362439,67.0351524817793,3339599.84617038,1323970.30804225,57.8175791330243,2879785.51868298,10507290.2113165,7627504.69263351,131923.626118701,1141707.21292983,6485797.47970368,112176.911883174
"7","0-59mo",304.11031731193,1876.56671531845,485.733787737125,11.8926095122571,88.9363703005747,0.825962811633826,0.0225866400091517,86.0643180020188,3546793.17853282,1450238.87865665,74.2610202086844,3058874.24151643,10507290.2113165,7448415.96980006,100300.479967403,1250848.11576062,6197567.85403944,83456.5406807416
