"","age_group","asymp_averted","symp_nhc_averted","pri_averted","sec_averted","hosp_averted","icu_averted","death_averted","incr_QALY_undis","incr_direct_cost_undis","indirect_cost_undist","incr_QALY_dis","incr_direct_cost_dis","inter_cost","total_costd_dist","acer_payers","indirect_cost","total_cost_societal","acer_societal"
"1","0-3mo",70.1826155257704,470.395589297775,161.67191082062,5.85218611088881,58.0834572599065,0.664325638418639,0.00797314870176939,25.2731988088262,2284201.2360779,729703.298365908,21.7930105941099,1969702.88040651,10507290.2113165,8537587.33090997,NA,629226.749200039,7908360.58170994,NA
"2","4-6mo",65.608063426268,442.781831051103,182.61195726406,3.94518507883868,21.2981970909499,0.144980543729615,0.00472244060919129,22.7712457616007,863446.903966505,440353.073834332,19.6323246021195,744423.188855201,0,-744423.188855201,NA,379654.727530081,-1124077.91638528,NA
"3","7–11mo",67.5365032564773,545.634832184584,112.686009344034,2.05022492179029,9.39050077866943,0.0208100285762344,0.00979371312612681,24.2571061373908,384337.642608527,238803.48472975,20.9414867930293,331752.973875152,0,-331752.973875152,NA,206130.69821902,-537883.672094172,NA
"4","12–23mo",63.760964921521,272.749454281366,49.9041340366593,0.598332859778807,4.15867783638828,0.0291107448547185,0.000714587373106534,10.5549911435962,173254.867691789,105557.282458855,9.12680365358642,149811.891367748,0,-149811.891367748,NA,91274.4117581323,-241086.303125881,NA
"5","24-59mo",65.6098538536844,319.040319370746,16.2628332900013,0.246198198225386,1.35523610750016,0.00948665275250127,0.00137101504112963,10.7418964475187,56513.8146075774,34470.3494338486,9.27905648415663,48827.0057683196,0,-48827.0057683196,NA,29781.778606886,-78608.7843752056,NA
"6","0-11mo",203.327182208515,1458.81225253346,456.969877428715,11.8475961115178,88.7721551295258,0.830116210724489,0.0224893024370875,72.3015507078171,3531985.78265293,1408859.85692999,62.3668219892588,3045879.04313686,10507290.2113165,7461411.16817962,119637.508056201,1215012.17494914,6246398.99323048,100155.800696503
"7","0-59mo",332.698000983724,2050.60202618554,523.136844755376,12.692127169522,94.2860690734142,0.868713608331706,0.0245749048513237,93.5984382989327,3761754.46495229,1548887.48882269,80.7726821270026,3244517.94027293,10507290.2113165,7262772.27104356,89916.1954238931,1336068.36531416,5926703.9057294,73375.1034342351
