"","age_group","asymp_averted","symp_nhc_averted","pri_averted","sec_averted","hosp_averted","icu_averted","death_averted","incr_QALY_undis","incr_direct_cost_undis","indirect_cost_undist","incr_QALY_dis","incr_direct_cost_dis","inter_cost","total_costd_dist","acer_payers","indirect_cost","total_cost_societal","acer_societal"
"1","0-3mo",341.38793665468,2297.82780108361,763.034243249512,27.3937431690252,297.29881574142,3.80703903845709,0.0427243453483525,124.019268458873,11736562.5523881,2585890.92049771,106.841753944767,10111289.9073142,20459644.789616,10348354.8823019,NA,2227793.8689242,8120561.01337768,NA
"2","4-6mo",150.786997579753,1032.50920929938,404.025369447955,9.20207796765743,49.6226074929584,0.336757389422748,0.0109037326204874,52.1701314443704,2004502.45720491,434580.309360048,44.9039182260705,1725355.97857593,40588.5725347468,-1684767.40604118,NA,374062.674006378,-2058830.08004756,NA
"3","7–11mo",54.1972954050925,428.507618072119,98.9018481536414,1.82494831296067,8.2418206794701,0.0191275420571916,0.00782703029906218,19.6127388335219,337496.760575466,72164.0999752758,16.8714282484698,290303.329541551,1306.03608051337,-288997.293461038,NA,62073.0409648283,-351070.334425866,NA
"4","12–23mo",203.974859985334,872.615574597381,159.577680210436,1.91325430179134,13.2981400175363,0.0930869801227541,0.0022850254511146,33.7218038119456,554014.393469922,115725.88422493,29.0446368322828,477174.193624597,0,-477174.193624597,NA,99675.0375755765,-576849.231200173,NA
"5","24-59mo",89.1132217130362,433.12179155492,22.2812279471946,0.333871464325682,1.85676899559951,0.0129973829691967,0.00185922276106626,14.4269058424279,77424.3346583638,16251.1236193301,12.4140096658589,66629.9934032243,0,-66629.9934032243,NA,13985.3862677254,-80615.3796709497,NA
"6","0-11mo",546.372229639526,3758.84462845511,1265.96146085111,38.4207694496434,355.163243913848,4.16292396993703,0.0614551082679021,195.802138736765,14078561.7701685,3092635.32983304,168.617100419308,12126949.2154317,20501539.3982313,8374590.18279965,49666.3159428918,2663929.58389541,5710660.59890424,33867.624248687
"7","0-59mo",839.460311337898,5064.58199460743,1447.82036900874,40.6678952157604,370.318152926984,4.26900833302898,0.0655993564800827,243.950848391139,14710000.4982968,3224612.33767729,210.07574691745,12670753.4024595,20501539.3982313,7830785.99577185,37276.0116799632,2777590.00773871,5053195.98803314,24054.1617115793
