"","age_group","asymp_averted","symp_nhc_averted","pri_averted","sec_averted","hosp_averted","icu_averted","death_averted","incr_QALY_undis","incr_direct_cost_undis","indirect_cost_undist","incr_QALY_dis","incr_direct_cost_dis","inter_cost","total_costd_dist","acer_payers","indirect_cost","total_cost_societal","acer_societal"
"1","0-3mo",154.670453946052,1037.65655721264,354.45319327358,12.8704423478818,128.891426866705,1.49312802579844,0.0177692741228544,55.7537471308656,5070474.20878549,1120644.82036729,48.0571751508559,4370420.89858561,10501540.7182527,6131119.81966704,NA,965924.260496681,5165195.55917036,NA
"2","4-6mo",124.925752290859,845.782974132579,344.942224070229,7.52926306270318,40.638042894061,0.27639943399402,0.00899509830378094,43.3264343025076,1646311.29756352,355893.93493642,37.3691616805412,1419927.31581676,0,-1419927.31581676,NA,306953.688399988,-1726881.00421675,NA
"3","7–11mo",89.7361231252307,716.839608274884,157.064006407859,2.92359417511462,13.0886672006549,0.029640024172883,0.0129744164849447,32.3263228131668,535873.521369282,114629.132031688,27.9116409171306,462651.730927618,0,-462651.730927618,NA,98966.1864456651,-561617.917373283,NA
"4","12–23mo",156.908042285482,671.261161732094,122.755428762537,1.47177444764488,10.2296190635448,0.0716073334448133,0.00175776009912532,25.9753762418461,426176.607664272,89022.3527389392,22.4232392025212,367896.91519478,0,-367896.91519478,NA,76848.5373599799,-444745.45255476,NA
"5","24-59mo",64.5999086181964,314.668566084612,15.5135035891112,0.243687522681682,1.29279196575925,0.00904954376031464,0.00135709183987431,10.6106886180833,53919.058822887,11330.5945837442,9.15808556711727,46551.2275173049,0,-46551.2275173049,NA,9782.22854132298,-56333.4560586279,NA
"6","0-11mo",369.332329362143,2600.27913962011,856.459423751667,23.3232995856997,182.618136961421,1.79916748396534,0.0397387889115801,131.40650424654,7252659.02771831,1591167.8873354,113.337977748528,6252999.94533,10501540.7182527,4248540.77292265,37485.5883025302,1371844.13534233,2876696.63758032,25381.577249976
"7","0-59mo",590.840280265824,3586.20886743683,994.728356103315,25.0387615560262,194.140547990724,1.87982436117047,0.0428536408505795,167.992569106469,7732754.69420546,1691520.83465808,144.919302518167,6667448.08804208,10501540.7182527,3834092.63021057,26456.7422254185,1458474.90124364,2375617.72896693,16392.6936418227
