"","age_group","asymp_averted","symp_nhc_averted","pri_averted","sec_averted","hosp_averted","icu_averted","death_averted","incr_QALY_undis","incr_direct_cost_undis","indirect_cost_undist","incr_QALY_dis","incr_direct_cost_dis","inter_cost","total_costd_dist","acer_payers","indirect_cost","total_cost_societal","acer_societal"
"1","0-3mo",340.953241850191,2296.95216562653,760.528193889378,27.300811148632,296.462550915296,3.7984910090218,0.0426147045572935,123.842151985402,11703779.7340865,2578620.16340131,106.689282814046,10083048.6026064,20459644.789616,10376596.1870096,NA,2221530.3380294,8155065.84898024,NA
"2","4-6mo",150.028143493921,1030.82681908082,398.869620467836,9.09302997719617,49.0442155164784,0.33279481015501,0.010774994010659,51.9144001173263,1980982.80452862,429511.998337981,44.6835849368168,1705081.75334778,40588.5725347468,-1664493.18081303,NA,369693.738005458,-2034186.91881849,NA
"3","7–11mo",52.6320581097971,419.115795023736,93.336299228471,1.72360992714606,7.77802493570584,0.0181206882591524,0.00732596982671063,18.8590286697342,318517.835834749,68105.8715530699,16.22156667995,273938.031364124,1306.03608051337,-272631.995283611,NA,58573.6795419832,-331205.674825594,NA
"4","12–23mo",212.046873524087,910.3762571935,162.946510185834,1.95254781271106,13.5788758488194,0.0950521309417356,0.00233328261798003,35.0633635343854,565709.000319038,118167.438032655,30.2030887210246,487283.314204399,0,-487283.314204399,NA,101785.582333208,-589068.896537607,NA
"5","24-59mo",118.665511581919,577.393594233872,29.0889682618631,0.437118742560067,2.42408068848857,0.0169685648194204,0.00243419673697259,19.4104616828863,101081.622945599,21218.1634209184,16.7131048863407,87039.8720377162,0,-87039.8720377162,NA,18270.5999333691,-105310.471971085,NA
"6","0-11mo",543.613443453908,3746.8947797311,1252.73411358568,38.1174510529742,353.28479136748,4.14940650743596,0.0607156683946631,194.615580772463,14003280.3744499,3076238.03329236,167.594434430812,12062068.3873183,20501539.3982313,8439471.01091299,50356.5111787589,2649797.75557684,5789673.25533615,34545.7370049259
"7","0-59mo",874.325828559915,5234.66463115849,1444.76959203338,40.5071176082453,369.287747904788,4.26142720319712,0.0654831477496156,249.089405989735,14670070.9977145,3215623.63474594,214.510628038178,12636391.5735604,20501539.3982313,7865147.82467087,36665.539123176,2769853.93784342,5095293.88682746,23753.1069365972
