"","age_group","asymp_averted","symp_nhc_averted","pri_averted","sec_averted","hosp_averted","icu_averted","death_averted","incr_QALY_undis","incr_direct_cost_undis","indirect_cost_undist","incr_QALY_dis","incr_direct_cost_dis","inter_cost","total_costd_dist","acer_payers","indirect_cost","total_cost_societal","acer_societal"
"1","0-3mo",393.193797851758,2645.51660256264,885.217784174163,31.6786800021119,336.901845581356,4.21089891717953,0.0479716767376154,142.493550202321,13289934.889521,2930040.14173778,122.817162659409,11454645.0941829,46288067.1194055,34833422.0252226,NA,2525414.73451803,32308007.2907046,NA
"2","4-6mo",278.276716025933,1884.45347219569,768.466403495249,16.6853866722864,90.0734367411046,0.612574648397109,0.0199578904691418,96.502956533383,3650293.76965243,788827.059137536,83.179775352071,3146342.9280505,91827.9173020029,-3054515.0107485,NA,679924.52885367,-3734439.53960217,NA
"3","7–11mo",180.928280205519,1439.2469351293,322.134075947305,6.04576795136498,26.844506328942,0.0614969566253259,0.0258658135843077,65.0509198857587,1099233.36301005,235178.36749082,56.0409416156102,947012.663810655,2954.78667282878,-944057.877137827,NA,202611.010419651,-1146668.88755748,NA
"4","12–23mo",313.635065391078,1344.93875051926,242.457081421891,2.9058513493553,20.2047567851574,0.141433297496101,0.0034718105441842,51.8806829686803,841750.129286062,175828.596932732,44.7360086321423,725828.079143297,0,-725828.079143297,NA,151614.271439774,-877442.350583071,NA
"5","24-59mo",166.647697558044,810.711279505849,40.9867955100685,0.617173759561076,3.41556629250567,0.0239089640475405,0.00343687695985817,27.2657274173407,142426.850538161,29898.4735668106,23.5079476995743,122812.596297354,0,-122812.596297354,NA,25780.9256360116,-148593.521933365,NA
"6","0-11mo",852.398794083209,5969.21700988764,1975.81826361672,54.4098346257632,453.819788651402,4.88497052220197,0.093795380791065,304.047426621462,18039462.0221835,3954045.56836613,262.03787962709,15548000.686044,46382849.8233803,30834849.1373363,117673.250833879,3407950.27379135,27426898.8635449,104667.687368622
"7","0-59mo",1332.68155703233,8124.86703991276,2259.26214054868,57.9328597346796,477.440111729066,5.05031278374561,0.100704068295107,383.193837007483,19023639.0020077,4159772.63886567,330.281835958806,16396641.3614847,46382849.8233803,29986208.4618956,90789.7595241525,3585345.47086713,26400862.9910285,79934.3473260857
