"","age_group","asymp_averted","symp_nhc_averted","pri_averted","sec_averted","hosp_averted","icu_averted","death_averted","incr_QALY_undis","incr_direct_cost_undis","indirect_cost_undist","incr_QALY_dis","incr_direct_cost_dis","inter_cost","total_costd_dist","acer_payers","indirect_cost","total_cost_societal","acer_societal"
"1","0-3mo",392.337276396986,2637.89968919606,884.58571748549,31.6579524884537,336.677403701417,4.2083746282885,0.0479405603224073,142.211772834552,13281115.2217914,2928091.95553787,122.574066560749,11447023.6241868,46288067.1194055,34841043.4952186,NA,2523731.20133122,32317312.2938874,NA
"2","4-6mo",276.944198421837,1872.49057921589,767.357072383512,16.6647588864201,89.9516708067187,0.611734019119891,0.0199304062122236,96.0508446394718,3645335.74115343,787763.216890119,82.789347941064,3142045.51267353,91827.9173020029,-3050217.59537153,NA,679002.43026855,-3729220.02564008,NA
"3","7–11mo",178.120303634325,1413.11393985501,320.576935353226,6.01887604603255,26.7147446127689,0.0612162811311849,0.0257213676728528,64.090663121226,1093925.09347055,234044.990438384,55.210957838663,942407.330797836,2954.78667282878,-939452.544125007,NA,201627.712613469,-1141080.25673848,NA
"4","12–23mo",309.0502882897,1322.13398707465,241.782384736936,2.89884642442033,20.1485320614113,0.141039724429879,0.00346213143358473,51.1976275104521,839408.87632345,175340.813494694,44.145093730368,723779.150002711,0,-723779.150002711,NA,151187.37546334,-874966.52546605,NA
"5","24-59mo",164.744715611261,800.86030245728,41.059524963609,0.617606643763494,3.42162708030071,0.0239513895621051,0.0034392685274483,27.0939835955896,142678.892615117,29950.6066798232,23.3580020390368,123019.399015866,0,-123019.399015866,NA,25823.6735951002,-148843.072610966,NA
"6","0-11mo",847.401778453148,5923.50420826696,1972.51972522223,54.3415874209063,453.343819120904,4.88132492853957,0.0935923342074838,302.35328059525,18020376.0564154,3949900.16286637,260.574372340476,15531476.4676582,46382849.8233803,30851373.3557221,118397.573324711,3404361.34421324,27447012.0115089,105332.737693965
"7","0-59mo",1321.19678235411,8046.49849779889,2255.36163492277,57.8580404890901,476.913978262616,5.04631604253155,0.100493734168517,380.644891701292,19002463.825354,4155191.58304089,328.07746810988,16378275.0166768,46382849.8233803,30004574.8067035,91455.761895402,3581372.39327168,26423202.4134318,80539.5218564115
