"","age_group","asymp_averted","symp_nhc_averted","pri_averted","sec_averted","hosp_averted","icu_averted","death_averted","incr_QALY_undis","incr_direct_cost_undis","indirect_cost_undist","incr_QALY_dis","incr_direct_cost_dis","inter_cost","total_costd_dist","acer_payers","indirect_cost","total_cost_societal","acer_societal"
"1","0-3mo",153.471385703404,1032.10156680309,350.022271021046,12.704410671135,127.152174790454,1.47123795021427,0.0175228624046554,55.2673201784581,5001882.71564359,1105513.29959015,47.6304973312522,4310645.7987565,23644162.4312044,19333516.6324479,NA,952737.197468373,18380779.4349796,NA
"2","4-6mo",126.825074648036,861.363370132962,347.906025488937,7.57243795297171,40.8863084587121,0.27821449779803,0.00905359882118305,43.9493039860693,1656670.05142158,358065.704773159,37.8952201136612,1428446.79812965,0,-1428446.79812965,NA,308737.512241463,-1737184.31037111,NA
"3","7–11mo",100.946268777639,812.327750776221,171.310495768279,3.17311196978957,14.2758746473565,0.0321512207619488,0.0143346295963943,36.1953924266231,584433.60595781,125002.729728797,31.2254149959888,504180.00426116,0,-504180.00426116,NA,107837.570424369,-612017.574685529,NA
"4","12–23mo",171.34055597569,736.247369545788,131.086679808826,1.57055975121018,10.9238899840688,0.0764672298884808,0.00187707527291316,28.3249082908198,455099.512684278,95062.6519225901,24.4376722662132,392645.894515548,0,-392645.894515548,NA,82017.1394385118,-474663.03395406,NA
"5","24-59mo",98.3194396677736,479.023925424801,23.5211703943287,0.36211340828963,1.96009753286069,0.0137206827300251,0.00201657202929206,16.0783259256996,81743.0200716797,17168.9232355217,13.8588295694453,70468.9850034639,0,-70468.9850034639,NA,14800.9125942239,-85269.8975976878,NA
"6","0-11mo",381.242729129079,2705.79268771227,869.238792278262,23.4499605938963,182.314357896522,1.78160366877425,0.0409110908222329,135.412016591151,7242986.37302299,1588581.73409211,116.751132440902,6243272.60114731,23644162.4312044,17400889.8300571,149042.578570835,1369312.2801342,16031577.5499229,137314.107493029
"7","0-59mo",650.902724772539,3921.06398268286,1023.84664248141,25.3826337533961,195.198345413452,1.87179158139276,0.0448047381244381,179.81525080767,7779828.90577893,1700813.30925021,155.047634276561,6706387.48066632,23644162.4312044,16937774.9505381,109242.395277866,1466130.33216694,15471644.6183712,99786.3959070422
