"","age_group","asymp_averted","symp_nhc_averted","pri_averted","sec_averted","hosp_averted","icu_averted","death_averted","incr_QALY_undis","incr_direct_cost_undis","indirect_cost_undist","incr_QALY_dis","incr_direct_cost_dis","inter_cost","total_costd_dist","acer_payers","indirect_cost","total_cost_societal","acer_societal"
"1","0-3mo",39.388058673338,263.893808819944,91.0189334650217,3.28490856150435,32.4149310188174,0.367598468225438,0.00443775561417224,14.1397334260342,1274504.89697937,408322.511783123,12.1850271950038,1098284.12127546,23648405.1980336,22550121.0767581,NA,351871.030094108,22198250.046664,NA
"2","4-6mo",47.3114170189326,316.402323059687,134.722033256596,2.82049932209824,15.2439131388944,0.104396561608926,0.00339491821663922,16.450797810841,619430.771204356,320767.526910756,14.186106911071,534151.211459175,0,-534151.211459175,NA,276613.095936995,-810764.30739617,NA
"3","7–11mo",82.050570154232,667.57242154971,132.673312361781,2.39616904057462,11.0561093634817,0.0240934675045426,0.0119128838552763,29.4211286499265,452420.790248517,281131.102024904,25.3877792882813,390383.897589806,0,-390383.897589806,NA,242581.827141743,-632965.72473155,NA
"4","12–23mo",66.1650786499031,283.033500456855,51.7857745339179,0.620893061684583,4.31548121115975,0.0302083684781183,0.000741530963372594,10.9881067576059,179787.460265309,109537.330631001,9.49295886738241,155324.711345751,0,-155324.711345751,NA,94633.1531505994,-249957.86449635,NA
"5","24-59mo",74.8507480670214,363.904313821535,18.6196435421243,0.28070096341434,1.55163696184371,0.0108614587329061,0.00156314440620142,12.1926007971751,64702.5748543832,39464.1583957858,10.5184082289798,55826.1470317598,0,-55826.1470317598,NA,34050.111190347,-89876.2582221068,NA
"6","0-11mo",168.750045846503,1247.86855342934,358.414279083398,8.50157692417724,58.7149535211934,0.496088497338906,0.0197455576860878,60.0116598868017,2346356.45843224,1010221.14071879,51.7589133943563,2022819.23032444,23648405.1980336,21625585.9677092,417813.755148638,871065.953172848,20754520.0145363,400984.461485996
"7","0-59mo",309.765872563428,1894.80636770773,428.819697159441,9.4031709492761,64.5820716941971,0.537158324549932,0.0220502330556618,83.1923674415839,2590846.49355194,1159222.62974557,71.7702804907185,2233970.08870195,23648405.1980336,21414435.1093316,298374.688839359,999749.217513792,20414685.8918179,284444.839176265
