"","age_group","asymp_averted","symp_nhc_averted","pri_averted","sec_averted","hosp_averted","icu_averted","death_averted","incr_QALY_undis","incr_direct_cost_undis","indirect_cost_undist","incr_QALY_dis","incr_direct_cost_dis","inter_cost","total_costd_dist","acer_payers","indirect_cost","total_cost_societal","acer_societal"
"1","0-3mo",34.3074545936568,229.862870688809,79.2564589045269,2.86052542006722,28.2482208913765,0.320688772063614,0.00386884198222981,12.3466432401138,1110711.41891627,355749.495382268,10.6399417512456,957149.111274697,23648405.1980336,22691256.0867589,NA,306569.911167935,22384686.175591,NA
"2","4-6mo",40.8433947309431,273.211652850814,116.235803347769,2.43543078110208,13.162307055125,0.0901239805619456,0.00293102411627592,14.1905420166665,534813.166972045,276841.188799608,12.2370002429201,461183.020268902,0,-461183.020268902,NA,238733.095356347,-699916.115625249,NA
"3","7–11mo",69.5937679006424,566.049064647323,112.68738617259,2.03645725679625,9.39061551438243,0.0204779625978918,0.0101036649452335,24.9728877360808,384271.717356194,238783.36969227,21.5494072151164,331580.005409529,0,-331580.005409529,NA,206041.173712589,-537621.179122118,NA
"4","12–23mo",56.7255329298932,242.654077921994,44.3976750056818,0.532312369836248,3.69980625047333,0.0258986437533144,0.000635739274246136,9.39069313264099,154137.797547627,93910.0139008239,8.1133137181132,133171.028848492,0,-133171.028848492,NA,81135.7977687754,-214306.826617267,NA
"5","24-59mo",68.757007753311,334.28298816047,17.0993267786289,0.257866865251401,1.42494389821911,0.00997460728753374,0.00143598837738274,11.2564716741922,59419.6190505531,36241.9802112151,9.71127017140134,51270.0246624276,0,-51270.0246624276,NA,31271.2471953183,-82541.2718577459,NA
"6","0-11mo",144.744617225243,1069.12358818695,308.179648424884,7.33241345796557,50.8011434608836,0.431290715223451,0.0169035310437392,51.5100729928613,2029796.30324452,871374.05387415,44.4263492092823,1749912.13695313,23648405.1980336,21898493.0610805,492916.781388489,751344.180236872,21147148.8808436,476004.651681466
"7","0-59mo",270.227157908448,1646.06065426941,369.676650209196,8.12259269305315,55.9258936095766,0.467163966264298,0.0189752586953682,72.1572377996945,2243353.71984269,1001526.04798619,62.2509330987968,1934353.19046405,23648405.1980336,21714052.0075695,348814.883997124,863751.225200966,20850300.7823686,334939.570291703
