"","age_group","asymp_averted","symp_nhc_averted","pri_averted","sec_averted","hosp_averted","icu_averted","death_averted","incr_QALY_undis","incr_direct_cost_undis","indirect_cost_undist","incr_QALY_dis","incr_direct_cost_dis","inter_cost","total_costd_dist","acer_payers","indirect_cost","total_cost_societal","acer_societal"
"1","0-3mo",155.023657120079,1039.95225204885,355.462311596107,12.9034599600801,129.0563227692,1.49234924506035,0.0177806417825627,55.8581163672985,5076706.27791467,1122070.27178026,48.1395085038746,4375117.5725119,23644162.4312044,19269044.8586925,NA,967003.537712147,18302041.3209804,NA
"2","4-6mo",129.013684786767,872.540634198009,357.193830733846,7.76774477251929,41.9304459757425,0.285371978297771,0.0092860672489499,44.7369055100444,1699121.33472428,367213.124021188,38.5742552737337,1465046.36764393,0,-1465046.36764393,NA,316623.976236559,-1781670.34388049,NA
"3","7–11mo",105.369830653207,845.07445346106,181.408085031881,3.35595258744361,15.1173404193233,0.0339772462005877,0.0152467004551934,37.95828863612,618865.937198412,132364.160545794,32.7462557560259,533881.537489129,0,-533881.537489129,NA,114187.582888429,-648069.120377558,NA
"4","12–23mo",171.641285039157,734.290777696064,134.281833049702,1.60997010606981,11.1901527541418,0.0783310692789927,0.00192280904031356,28.4230683998819,466193.443800889,97381.3120013308,24.5226423883601,402218.947572559,0,-402218.947572559,NA,84017.9314987101,-486236.879071269,NA
"5","24-59mo",95.729549276788,465.804453271179,23.4497667683763,0.359931776819451,1.95414723069797,0.013679030614886,0.00200440102883975,15.7216640625388,81493.7457125001,17115.2987597967,13.5508991530526,70252.2020372245,0,-70252.2020372245,NA,14754.2866150714,-85006.4886522959,NA
"6","0-11mo",389.407172560053,2757.56733970792,894.064227361834,24.027157320043,186.104109164266,1.8116984695587,0.0423134094867061,138.553310513463,7394693.54983737,1621647.55634724,119.460019533634,6374045.47764497,23644162.4312044,17270116.9535595,144568.174532208,1397815.09683714,15872301.8567223,132867.062291526
"7","0-59mo",656.778006876,3957.66257067519,1051.79582717991,25.9970592029322,199.248409149106,1.90370856945258,0.0462406195558593,182.698042975884,7942380.73935075,1736144.16710836,157.533561075047,6846516.62725474,23644162.4312044,16797645.8039497,106628.998223099,1496587.31495092,15301058.4889988,97128.8808846867
