"","age_group","asymp_averted","symp_nhc_averted","pri_averted","sec_averted","hosp_averted","icu_averted","death_averted","incr_QALY_undis","incr_direct_cost_undis","indirect_cost_undist","incr_QALY_dis","incr_direct_cost_dis","inter_cost","total_costd_dist","acer_payers","indirect_cost","total_cost_societal","acer_societal"
"1","0-3mo",610.474814358937,4104.50898010924,1376.54207639262,49.263848530009,523.782489767885,6.54516110950573,0.07457418358314,221.280562304564,20661757.6186689,4555343.8103274,190.724203794181,17808396.0121668,46288067.1194055,28479671.1072386,NA,3926259.97817612,24553411.1290625,NA
"2","4-6mo",432.307054766367,2922.7204531927,1198.06585223455,26.01158873784,140.404382579098,0.954884914884078,0.0311103437029093,149.966378500799,5690064.54630726,1229609.40291205,129.261036082231,4904474.96975472,91827.9173020029,-4812647.05245272,NA,1059847.01632908,-5872494.0687818,NA
"3","7–11mo",280.693698634517,2227.67587938647,504.466049842512,9.46722279937538,42.038837486876,0.0962710478362027,0.0405361293227461,101.234168316778,1721407.09280293,368291.180712729,87.2111994428996,1483016.55337064,2954.78667282878,-1480061.76669781,NA,317287.906846042,-1797349.67354385,NA
"4","12–23mo",494.476700500505,2115.39829057017,386.848873383978,4.63811900366643,32.2374061153315,0.22566184280732,0.00553936816384171,81.8615393824341,1343043.98754088,280543.167908834,70.5846005563487,1158031.2315966,0,-1158031.2315966,NA,241896.58213975,-1399927.81373635,NA
"5","24-59mo",250.473263083264,1217.67179431349,62.3645412335577,0.939142053801795,5.19704510279644,0.0363793157195751,0.00522981102621189,41.0614908712419,216713.403771853,45492.9024979053,35.401199087431,186862.817393839,0,-186862.817393839,NA,39226.4696562295,-226089.287050069,NA
"6","0-11mo",1323.47556775982,9254.90531268841,3079.07397846968,84.7426600672244,706.225709833859,7.59631707222601,0.146220656608795,472.48110912214,28073229.2577791,6153244.39395218,407.196439319312,24195887.5352922,46382849.8233803,22186962.2880881,54487.1225425666,5303394.90135124,16883567.3867369,41462.9543788748
"7","0-59mo",2068.42553134359,12587.9753975721,3528.28739308722,90.3199211246926,743.660161051987,7.8583582307529,0.156989835798849,595.404139375816,29632986.6490919,6479280.46435892,513.182238963092,25540781.5842826,46382849.8233803,20842068.2390977,40613.3857656688,5584517.95314722,15257550.2859505,29731.2516442094
