"","age_group","asymp_averted","symp_nhc_averted","pri_averted","sec_averted","hosp_averted","icu_averted","death_averted","incr_QALY_undis","incr_direct_cost_undis","indirect_cost_undist","incr_QALY_dis","incr_direct_cost_dis","inter_cost","total_costd_dist","acer_payers","indirect_cost","total_cost_societal","acer_societal"
"1","0-3mo",120.089320498239,804.980556849685,276.442556460194,9.98145140816671,99.5248975155866,1.14539773247529,0.0137006091859146,43.2616715006426,3914896.55515421,1249545.8308012,37.2807614028536,3373620.84714599,23695075.6331544,20321454.7860084,NA,1076790.77279163,19244664.0132168,NA
"2","4-6mo",125.310171366154,841.804832781927,352.88931446544,7.50023942604236,40.5104132066562,0.276380089608289,0.00900503863534476,43.5181202088373,1644258.99572465,845294.73208281,37.5105619388372,1417269.17284064,0,-1417269.17284064,NA,728605.866117213,-2145875.03895786,NA
"3","7–11mo",140.084146551535,1128.57222092968,236.577516265018,4.35423318293182,19.7147930220848,0.0438565112630438,0.0202985496919894,50.3347442402276,806974.026818682,501424.904584434,43.3966771710921,695717.402599536,0,-695717.402599536,NA,432293.982372131,-1128011.38497167,NA
"4","12–23mo",114.211135741532,488.559496938287,89.3902379542069,1.07175723502503,7.44918649618376,0.0521443054732877,0.00127999686907983,18.9065637566296,310340.899579912,189078.335471464,16.3180724098981,267852.228586137,0,-267852.228586137,NA,163191.682443222,-431043.911029359,NA
"5","24-59mo",105.455329686118,512.629350943214,26.2940191186995,0.395344790336061,2.19116825989164,0.0153381778192414,0.00220155680792034,17.266174976914,91369.6535531357,55728.4633506536,14.892625979692,78819.0011142362,0,-78819.0011142362,NA,48073.4926978042,-126892.49381204,NA
"6","0-11mo",385.483638415928,2775.3576105613,865.909387190652,21.8359240171409,159.750103744328,1.46563433334662,0.0430041975132487,137.114535949707,6366129.57769755,2596265.46746845,118.188000512783,5486607.42258617,23695075.6331544,18208468.2105683,154063.594709845,2237690.62128098,15970777.5892873,135130.279893008
"7","0-59mo",605.150103843578,3776.54645844278,981.593644263561,23.3030260425019,169.390458500403,1.53311681663915,0.046485751190249,173.287274683252,6767840.13083059,2841072.26629056,149.398698902373,5833278.65228654,23695075.6331544,17861796.9808679,119557.915243559,2448955.796422,15412841.1844459,103165.832752785
