"","age_group","asymp_averted","symp_nhc_averted","pri_averted","sec_averted","hosp_averted","icu_averted","death_averted","incr_QALY_undis","incr_direct_cost_undis","indirect_cost_undist","incr_QALY_dis","incr_direct_cost_dis","inter_cost","total_costd_dist","acer_payers","indirect_cost","total_cost_societal","acer_societal"
"1","0-3mo",611.053216807084,4109.66364951805,1376.95579529526,49.277486146429,523.936498598722,6.54700878861717,0.0745959693612956,221.472813397774,20667821.9093892,4556681.15690027,190.889776271109,17813611.937389,46288067.1194055,28474455.1820165,NA,3927410.22009848,24547044.961918,NA
"2","4-6mo",433.334564733609,2932.29413773146,1198.61285531169,26.021042570334,140.464088884444,0.955299384667543,0.0311238882756652,150.306340495926,5692496.35719422,1230130.15185856,129.554042378936,4906566.70274675,91827.9173020029,-4814738.78544474,NA,1060294.92725061,-5875033.71269535,NA
"3","7–11mo",283.054676326843,2250.06911896205,505.393886762211,9.48271450520407,42.1161572301842,0.0964373171914518,0.0406242313419407,101.830632456241,1724569.35702961,368965.763208201,87.7257771451339,1485745.53896423,2954.78667282878,-1482790.7522914,NA,317870.06096581,-1800660.81325721,NA
"4","12–23mo",503.748868623756,2158.18610565089,391.254464435466,4.6898791743991,32.6045387029554,0.228231770920687,0.00560247032027987,83.3527927332809,1358338.01132332,283736.632461606,71.8711089707904,1171227.63380884,0,-1171227.63380884,NA,244652.053859007,-1415879.68766785,NA
"5","24-59mo",266.593478804141,1296.47772892656,65.9814567653052,0.991695522874714,5.49845473044206,0.0384891831130947,0.00552246823979829,43.6290553981903,229279.999517886,48128.6650856477,37.6146192362562,197696.801721912,0,-197696.801721912,NA,41498.8219035813,-239195.623625493,NA
"6","0-11mo",1327.44245786754,9292.02690621156,3080.96253736916,84.781243221967,706.51674471335,7.59874549047616,0.146344088978901,473.609786349942,28084887.623613,6155777.07196703,408.169595795178,24205924.1791,46382849.8233803,22176925.6442803,54332.6251458691,5305575.2083149,16871350.4359654,41334.1674876528
"7","0-59mo",2097.78480529543,12746.690740789,3538.19845856993,90.4628179192409,744.619738146748,7.86546644450994,0.15746902753898,600.591634481413,29672505.6344542,6487642.36951428,517.655324002225,25574848.6146307,46382849.8233803,20808001.2087496,40196.6332498497,5591726.08407749,15216275.1246721,29394.6076069077
