"","age_group","asymp_averted","symp_nhc_averted","pri_averted","sec_averted","hosp_averted","icu_averted","death_averted","incr_QALY_undis","incr_direct_cost_undis","indirect_cost_undist","incr_QALY_dis","incr_direct_cost_dis","inter_cost","total_costd_dist","acer_payers","indirect_cost","total_cost_societal","acer_societal"
"1","0-3mo",611.053216807084,4106.70030447344,1379.08662189821,49.3578837918859,524.688619394926,6.55544683976779,0.0746975987616161,221.527417979437,20697389.2623663,6480155.03262496,190.936839493355,17839095.6902218,46288067.1194055,28448971.4291837,NA,5585288.51957171,22863682.909612,NA
"2","4-6mo",433.334564733609,2928.58990461453,1201.87514007366,26.0920913806978,140.834988429036,0.957836157733191,0.0312060779480883,150.36087547435,5707564.5246019,2903988.20904548,129.601061810664,4919558.156911,91827.9173020029,-4827730.23960899,NA,2503028.30339374,-7330758.54300273,NA
"3","7–11mo",283.054676326843,2246.63478463676,508.511099796578,9.54006804326107,42.3759249830483,0.0970025307006224,0.0409024397858895,101.943623822029,1735200.11519289,1078070.01027406,87.8232202052493,1494913.36937587,2954.78667282878,-1491958.58270304,NA,928780.962755179,-2420739.54545822,NA
"4","12–23mo",503.748868623756,2154.88001445864,394.271810214253,4.7271791062914,32.8559841845212,0.229991889291648,0.00564565767124608,83.3923744265842,1368814.66098764,833964.192340808,71.9052462325221,1180263.22611955,0,-1180263.22611955,NA,719087.32144215,-1899350.5475617,NA
"5","24-59mo",266.593478804141,1295.77763086153,66.6208538123324,0.999113453633953,5.55173781769435,0.0388621647238603,0.00556374724851061,43.646998298022,231499.570513286,141194.998352258,37.6300922566052,199610.882424328,0,-199610.882424328,NA,121745.523748305,-321356.406172633,NA
"6","0-11mo",1327.44245786754,9281.92499372473,3089.47286176846,84.9900432158447,707.899532807011,7.6102855282016,0.146806116495594,473.831917275816,28140153.9021611,10462213.2519445,408.361121509268,24253567.2165087,46382849.8233803,22129282.6068716,54190.4736794817,9017097.78572063,13112184.821151,32109.2879084314
"7","0-59mo",2097.78480529543,12732.5826390449,3550.36552579504,90.7163357757701,746.307254809226,7.87913958221711,0.158015521415351,600.871290000423,29740468.133662,11437372.4426376,517.896459998396,25633441.3250526,46382849.8233803,20749408.4983277,40064.7814785064,9857930.63091108,10891477.8674167,21030.2226577305
