"","age_group","asymp_averted","symp_nhc_averted","pri_averted","sec_averted","hosp_averted","icu_averted","death_averted","incr_QALY_undis","incr_direct_cost_undis","indirect_cost_undist","incr_QALY_dis","incr_direct_cost_dis","inter_cost","total_costd_dist","acer_payers","indirect_cost","total_cost_societal","acer_societal"
"1","0-3mo",115.445447608799,773.883152699409,265.669791445418,9.59260623172696,95.7304824600538,1.10305827415302,0.0131842985337226,41.5967987183948,3765779.47023674,1201586.13995053,35.8459959405361,3245117.89698802,23695075.6331544,20449957.7361664,NA,1035460.33789553,19414497.3982709,NA
"2","4-6mo",119.174942405295,800.860228403348,335.329280450584,7.13518459497354,38.5368532865737,0.262843124387224,0.0085650994932359,41.3822847783877,1564021.63004635,803602.039328333,35.6685067547083,1348069.18355919,0,-1348069.18355919,NA,692647.333935134,-2040716.51749432,NA
"3","7–11mo",127.885635837926,1029.11075844837,217.044952810036,4.00296911337884,18.0870794008363,0.0403265812675409,0.0185266941605713,45.9639484256986,740371.756700791,460038.234069753,39.6245564709434,638239.358721456,0,-638239.358721456,NA,396577.106286993,-1034816.46500845,NA
"4","12–23mo",104.097113120535,445.294873294937,81.4742419972881,0.976847252308545,6.78952016644052,0.047526641165085,0.00116664612438558,17.2323803488964,282858.510422386,172334.411600271,14.8715091603824,244106.313971493,0,-244106.313971493,NA,148724.2435215,-392830.557492994,NA
"5","24-59mo",92.8674145125733,451.431949230959,23.1611395109703,0.34814112717973,1.93009495924753,0.0135106647147327,0.00193869309960498,15.204541100959,80483.0396149978,49088.3910020692,13.1140335833684,69425.7312540263,0,-69425.7312540263,NA,42344.2606191579,-111769.991873184,NA
"6","0-11mo",362.506025852021,2603.85413955112,818.044024706038,20.7307599400793,152.354415147464,1.40622797980779,0.0402760921875297,128.943031922481,6070172.85698389,2465226.41334862,111.139059166188,5231426.43926866,23695075.6331544,18463649.1938858,166131.055385999,2124684.77811765,16338964.4157681,147013.701018795
"7","0-59mo",559.470553485131,3500.58096207702,922.679406214294,22.0557483195676,161.074030273152,1.4672652856876,0.0433814314115204,161.379953372337,6433514.40702127,2686649.21595095,139.124601909939,5544958.48449418,23695075.6331544,18150117.1486603,130459.436357702,2315753.28225831,15834363.866402,113814.261812962
