"","age_group","asymp_averted","symp_nhc_averted","pri_averted","sec_averted","hosp_averted","icu_averted","death_averted","incr_QALY_undis","incr_direct_cost_undis","indirect_cost_undist","incr_QALY_dis","incr_direct_cost_dis","inter_cost","total_costd_dist","acer_payers","indirect_cost","total_cost_societal","acer_societal"
"1","0-3mo",35.7990786907458,239.317547296109,84.1391894939838,3.02583363422168,28.5379872467946,0.302098996961526,0.00381156462646166,12.8205840947953,1119884.19836999,364990.442908786,11.0476979001033,965001.117142644,23668446.7713481,22703445.6542054,NA,314515.154602319,22388930.4996031,NA
"2","4-6mo",58.412546202308,389.795221905146,167.243646855723,3.4723561890399,18.7677812747245,0.128408219552108,0.00418767486382308,20.3012477902669,763056.07767567,396832.46666038,17.4997069100542,657752.787122495,0,-657752.787122495,NA,342071.870121974,-999824.65724447,NA
"3","7–11mo",89.6375180013356,725.739558807054,148.144775796933,2.70827344364886,12.3453979830777,0.0271685887343779,0.0130005938481798,32.1870616044141,505257.98810621,313963.216780478,27.7563025078714,435686.816437595,0,-435686.816437595,NA,270732.248557625,-706419.06499522,NA
"4","12–23mo",49.2485828784102,210.670025473264,38.5456506830596,0.462148674662657,3.21213755692145,0.0224849628984511,0.000551942956189863,8.15294167492925,133821.00978411,81531.805235276,7.04327843676742,115607.181180071,0,-115607.181180071,NA,70434.8457314689,-186042.02691154,NA
"5","24-59mo",63.6744102728662,309.537008888088,15.8680686593957,0.238726945950816,1.32233905494968,0.00925637338464735,0.00132939980420987,10.4245243402311,55140.4413045105,33631.5367786884,8.99307087833495,47574.6841654014,0,-47574.6841654014,NA,29016.969147848,-76591.6533132493,NA
"6","0-11mo",183.84914289439,1354.85232800831,399.527612146638,9.20646326691048,59.6511665045966,0.457675805248012,0.0209998333384644,65.3088934894763,2388198.26415187,1075786.12634965,56.303707318029,2058440.72070273,23668446.7713481,21610006.0506453,383811.423439351,927319.273281921,20682686.7773634,367341.472925365
"7","0-59mo",296.772136045664,1875.05936236968,453.941331489095,9.90733888752391,64.1856431164679,0.48941714153111,0.0228811760988643,83.8863595046369,2577159.71524049,1190949.46836361,72.340056633132,2221622.5860482,23668446.7713481,21446824.1852999,296472.31677003,1026771.08816123,20420053.0971386,282278.644053289
