"","age_group","asymp_averted","symp_nhc_averted","pri_averted","sec_averted","hosp_averted","icu_averted","death_averted","incr_QALY_undis","incr_direct_cost_undis","indirect_cost_undist","incr_QALY_dis","incr_direct_cost_dis","inter_cost","total_costd_dist","acer_payers","indirect_cost","total_cost_societal","acer_societal"
"1","0-3mo",40.5290703045782,271.003098309916,95.0817749680937,3.42065374161412,32.422502070758,0.345963266781045,0.00434254316518719,14.5195636269904,1272598.32534897,413970.943924343,12.5117798597001,1096596.95964948,23668446.7713481,22571849.8116986,NA,356723.104059197,22215126.7076394,NA
"2","4-6mo",64.358079834401,429.498911225088,184.234377644597,3.82634900447302,20.6814071211461,0.141530097769905,0.00461410625806996,22.3712600087628,840844.213361811,437208.91837899,19.2849041266183,724837.10647225,0,-724837.10647225,NA,376893.436253006,-1101730.54272526,NA
"3","7–11mo",101.161476150088,819.676492016562,166.619366239916,3.04064580948192,13.8849471866596,0.0305094320511057,0.0146743883372064,36.3163713491099,568253.271661792,353108.407134755,31.3197934084287,490048.675508047,0,-490048.675508047,NA,304512.642057024,-794561.31756507,NA
"4","12–23mo",58.4386709657138,249.982346321849,45.7385058771742,0.548388456222796,3.81154215643107,0.0266807950950181,0.000654938902267643,9.67378489012458,158792.832240082,96746.1409224365,8.35747661902769,137185.947587576,0,-137185.947587576,NA,83581.927664211,-220767.875251787,NA
"5","24-59mo",75.8817678819778,368.890620227452,18.9003793351094,0.284519238534394,1.57503161125913,0.011025221278814,0.00158440468346455,12.4243481789736,65677.690861173,40058.5998422792,10.7184815186124,56667.3216142077,0,-56667.3216142077,NA,34562.9041728834,-91230.2257870911,NA
"6","0-11mo",206.048626289067,1520.17850155156,445.935518852606,10.2876485555691,66.9888563785635,0.518002796602056,0.0236310377604635,73.2071949848632,2681695.81037258,1204288.26943809,63.1164773947471,2311482.74162977,23668446.7713481,21356964.0297183,338373.827426176,1038129.18236923,20318834.8473491,321925.995968845
"7","0-59mo",340.369065136758,2139.05146810086,510.57440406489,11.1205562503262,72.3754301462541,0.555708812975887,0.0258703813461958,95.3053280539616,2906166.33347382,1341093.0102028,82.1924355323872,2505336.01083156,23668446.7713481,21163110.7605165,257482.463239301,1156274.01420632,20006836.7463102,243414.574792916
