"","age_group","asymp_averted","symp_nhc_averted","pri_averted","sec_averted","hosp_averted","icu_averted","death_averted","incr_QALY_undis","incr_direct_cost_undis","indirect_cost_undist","incr_QALY_dis","incr_direct_cost_dis","inter_cost","total_costd_dist","acer_payers","indirect_cost","total_cost_societal","acer_societal"
"1","0-3mo",461.684528043314,3104.37952846085,1037.99686387656,37.0961748666536,399.067010028976,5.05643059876753,0.0571477804792372,167.565403476795,15749871.1134026,4913708.63834762,144.432000527,13575307.0839969,46288067.1194055,32712760.0354086,NA,4235316.30992184,28477443.7254867,NA
"2","4-6mo",303.3947207374,2051.55072256407,840.269612407986,18.2811430866774,98.6732415684982,0.671230824405077,0.0218536522644514,105.248667134449,3998322.04774366,2032121.21155108,90.7265429164471,3446647.08021316,91827.9173020029,-3354819.16291115,NA,1751720.58712434,-5106539.75003549,NA
"3","7–11mo",196.184670007955,1557.32391885931,352.280393094232,6.60835800213367,29.3566994245193,0.0671881679759835,0.0283499301115053,70.6586723923115,1202088.93362128,746851.664402127,60.8789022806338,1035749.46435405,2954.78667282878,-1032794.67768122,NA,643505.634743793,-1676300.31242501,NA
"4","12–23mo",351.036706882656,1501.62517698435,274.747769166004,3.29412826444764,22.8956474305003,0.160269532013503,0.00393416879032485,58.1195730731727,953856.615576208,581146.8014552,50.1229724957768,822616.635545935,0,-822616.635545935,NA,501187.514732044,-1323804.15027798,NA
"5","24-59mo",196.913171618344,957.102041620281,49.2028304251135,0.7379880646956,4.10023586875946,0.0287016510813163,0.00410962307024004,32.3331841197241,170974.100333244,104279.692627673,27.8813065753789,147451.407224562,0,-147451.407224562,NA,89932.775441316,-237384.182665878,NA
"6","0-11mo",961.263918788669,6713.25416988423,2230.54686937878,61.9856759554646,527.096951021994,5.79484959114859,0.107351362855194,343.472743003556,20950282.0947676,7692681.51430084,296.037445724081,18057703.6285641,46382849.8233803,28325146.1948162,95680.9572705758,6630542.53178998,21694603.6630262,73283.3091771994
"7","0-59mo",1509.21379728967,9171.98138848887,2554.4974689699,66.0177922846079,554.092834321254,5.98382077424341,0.115395154715759,433.925500196453,22075112.810677,8378108.00838371,374.041724795236,19027771.6713346,46382849.8233803,27355078.1520457,73133.7611252349,7221662.82196334,20133415.3300823,53826.6562135657
