"","age_group","asymp_averted","symp_nhc_averted","pri_averted","sec_averted","hosp_averted","icu_averted","death_averted","incr_QALY_undis","incr_direct_cost_undis","indirect_cost_undist","incr_QALY_dis","incr_direct_cost_dis","inter_cost","total_costd_dist","acer_payers","indirect_cost","total_cost_societal","acer_societal"
"1","0-3mo",8.28244391341218,55.5075875638995,19.1390686173236,0.690696614097973,6.79989666912968,0.0768531376000627,0.000929760916832612,2.9736963766191,267333.953978829,59115.5655719554,2.55105672974662,229346.214244328,23644162.4312044,23414816.2169601,NA,50715.2631907351,23364100.9537694,NA
"2","4-6mo",10.3497063595169,69.1337989560361,29.5599856682647,0.615753466887384,3.32881624270919,0.0228299096846434,0.00074178095227917,3.5785895704521,135317.041414,29153.4319541594,3.06936890494057,116064.920469679,0,-116064.920469679,NA,25005.6407514187,-141070.561221098,NA
"3","7–11mo",20.4945055442836,167.168791235334,32.757841725208,0.588184847952718,2.72982014376731,0.00591704693088158,0.00297547949294263,7.48393548240028,111696.461671941,23874.4101942815,6.42166963084992,95830.7912155893,0,-95830.7912155893,NA,20483.2133432836,-116314.004558873,NA
"4","12–23mo",21.7440510618653,93.0222362343484,17.0112396551185,0.203956013184552,1.41760330459317,0.00992322313215244,0.000243587420970748,3.62013065937549,59058.8333360516,12336.5670453086,3.09899833747204,50554.9328635372,0,-50554.9328635372,NA,10560.2207749905,-61115.1536385277,NA
"5","24-59mo",30.2814484508435,146.989826862409,7.74596643370842,0.113018417369588,0.645497202808997,0.00451848041966318,0.00062934312563423,4.98519878120987,26913.0414212104,5645.38825208275,4.2674264137554,23038.4433773942,0,-23038.4433773942,NA,4832.62955574505,-27871.0729331393,NA
"6","0-11mo",39.1266558172128,291.810177755273,81.4568960107972,1.8946349289381,12.8585330556061,0.105600094215585,0.00464702136205442,14.0362214294714,514347.457064778,112143.407720396,12.0420952655372,441241.925929599,23644162.4312044,23202920.5052748,1926817.55073623,96204.1172854379,23106716.3879894,1918828.56583252
"7","0-59mo",91.1521553299208,531.822240852052,106.214102099624,2.21160935949223,14.9216335630081,0.120041797767403,0.00551995190865928,22.6415508700575,600319.331822023,130125.363017786,19.4085200167647,514835.302170515,23644162.4312044,23129327.1290339,1191709.98659637,111596.967616171,23017730.1614177,1185960.09080216
