"","age_group","asymp_averted","symp_nhc_averted","pri_averted","sec_averted","hosp_averted","icu_averted","death_averted","incr_QALY_undis","incr_direct_cost_undis","indirect_cost_undist","incr_QALY_dis","incr_direct_cost_dis","inter_cost","total_costd_dist","acer_payers","indirect_cost","total_cost_societal","acer_societal"
"1","0-3mo",461.927221018259,3107.26271036116,1037.69201505032,37.0839995688402,398.907645903807,5.05371445232189,0.0571222191961824,167.623964912088,15743502.4493845,3469502.49619976,144.482561445454,13569824.0996445,46288067.1194055,32718243.0197609,NA,2990477.3543677,29727765.6653933,NA
"2","4-6mo",303.881214620265,2055.46390699395,841.081013162663,18.296217169525,98.7581570084594,0.671819890529492,0.021872923179518,105.423663713617,4001793.27733133,864889.328519738,90.8777488085012,3449652.35950626,91827.9173020029,-3357824.44220426,NA,745558.630446642,-4103383.0726509,NA
"3","7–11mo",197.281455723074,1566.50117711212,353.82384211,6.63588744528616,29.4853201758334,0.0674641980740666,0.0284929177196275,71.142474746177,1207351.0689766,258306.519081302,61.2971374764479,1040302.91349442,2954.78667282878,-1037348.12682159,NA,222567.315539189,-1259915.44236078,NA
"4","12–23mo",350.975634938795,1501.49290639944,274.582258019173,3.29210003340057,22.8818548349311,0.160172983844518,0.00393179952967694,58.1529987764382,953281.956057318,199127.31254047,50.1525945081137,822134.022137277,0,-822134.022137277,NA,171732.337254519,-993866.359391795,NA
"5","24-59mo",192.817615754451,937.188333842802,48.1861920573447,0.722500343406914,4.0155160047787,0.0281086120334511,0.00402337518558976,31.6997338251595,167441.151670655,35145.9059706433,27.3362196998194,144411.085582647,0,-144411.085582647,NA,30311.7838774128,-174722.86946006,NA
"6","0-11mo",963.089891361598,6729.22779446722,2232.59687032299,62.0161041836514,527.1511230881,5.79299854092545,0.107488060095328,344.190103371881,20952646.7956925,4592698.3438008,296.657447730403,18059779.3726452,46382849.8233803,28323070.4507351,95473.9908518143,3958603.30035353,24364467.1503816,82129.9695550659
"7","0-59mo",1506.88314205484,9167.90903470948,2555.36532039951,66.0307045604588,554.04849392781,5.98128013680341,0.115443234810594,434.042835973479,22073369.9034204,4826971.56231191,374.146261938336,19026324.4803651,46382849.8233803,27356525.3430152,73117.1954018449,4160647.42148546,23195877.9215297,61996.8185739957
