"","age_group","asymp_averted","symp_nhc_averted","pri_averted","sec_averted","hosp_averted","icu_averted","death_averted","incr_QALY_undis","incr_direct_cost_undis","indirect_cost_undist","incr_QALY_dis","incr_direct_cost_dis","inter_cost","total_costd_dist","acer_payers","indirect_cost","total_cost_societal","acer_societal"
"1","0-3mo",6.78348451353554,48.4076749942615,13.5550188993325,0.485719153922773,4.82361022863608,0.0546210040008344,0.000660927895207095,2.38383358225923,189643.507653952,41929.8460069019,2.04285121079027,162403.429444987,23644162.4312044,23481759.0017594,NA,35906.9923006473,23445852.0094588,NA
"2","4-6mo",8.46436580738873,60.2210520695571,20.9340733674244,0.43288304703465,2.35336596393165,0.0161488461683468,0.000524881520509765,2.88816389920146,95675.6755788848,20607.2564639114,2.47408911154059,81886.5368386023,0,-81886.5368386023,NA,17637.2397110015,-99523.7765496038,NA
"3","7–11mo",16.923516805854,141.485498246671,23.9239700688668,0.427900988452151,1.99366417240554,0.004317149434514,0.00218030500284389,5.96243883286866,81572.6061154008,17433.7848100383,5.10904445502888,69844.8499098122,0,-69844.8499098122,NA,14927.2948952783,-84772.1448050905,NA
"4","12–23mo",22.0501694538707,97.6298156333214,14.2407777974686,0.169618846143436,1.18673148312223,0.00830712038185499,0.000203935205695033,3.61095243319528,49439.3066894412,10325.8676439682,3.09065719499813,42251.3996716104,0,-42251.3996716104,NA,8824.59483287856,-51075.994504489,NA
"5","24-59mo",30.4543849701477,148.427458735212,7.24509637031679,0.106019501719146,0.603758030859694,0.00422630621601838,0.000590386439069501,4.97035888240271,25173.1104603894,5280.77550931042,4.25468678048446,21538.2363189254,0,-21538.2363189254,NA,4518.252846485,-26056.4891654104,NA
"6","0-11mo",32.171367126778,250.114225310492,58.4130623356232,1.34650318940959,9.17064036497322,0.0750869996036929,0.00336611441856083,11.2344363143297,366891.789348245,79970.8872808516,9.62598477735946,314134.816193402,23644162.4312044,23330027.615011,2423650.99827332,68471.526906928,23261556.0881041,2416537.80118329
"7","0-59mo",84.6759215507955,496.17149967904,79.8989365034067,1.62214153727211,10.9611298789555,0.0876204262015676,0.00416043606332539,19.8157476299275,441504.206498072,95577.5304341279,16.9713287528421,377924.452183932,23644162.4312044,23266237.9790205,1370914.34134904,81814.3745862916,23184423.6044342,1366093.60068826
