"","age_group","asymp_averted","symp_nhc_averted","pri_averted","sec_averted","hosp_averted","icu_averted","death_averted","incr_QALY_undis","incr_direct_cost_undis","indirect_cost_undist","incr_QALY_dis","incr_direct_cost_dis","inter_cost","total_costd_dist","acer_payers","indirect_cost","total_cost_societal","acer_societal"
"1","0-3mo",645.476170664965,4336.76419717958,1463.44861709292,52.4508470345706,548.543253890029,6.71811139173778,0.0774594364837358,233.572812903016,21623489.4691552,4770295.96267173,201.308235361887,18636399.3515807,46288067.1194055,27651667.7678248,NA,4111324.68655872,23540343.0812661,NA
"2","4-6mo",513.682775545291,3468.71769021962,1428.02022656578,30.8637846354089,166.606085755418,1.13298855604042,0.0369489077692429,178.224067411834,6754007.87239172,1459070.3437411,153.594133414612,5820657.32528485,91827.9173020029,-5728829.40798284,NA,1257440.83124837,-6986270.23923121,NA
"3","7–11mo",346.112087426688,2747.45908028005,621.48779228653,11.6666289321414,51.7906493572108,0.118532370125907,0.0499846770634019,124.722846975422,2120715.88428728,453727.972447045,107.421546582552,1826620.08868346,2954.78667282878,-1823665.30201063,NA,390805.881857463,-2214471.18386809,NA
"4","12–23mo",593.012841411168,2536.94127496319,463.937632187602,5.56237356862997,38.6614693489668,0.270630285442767,0.00664321787282873,98.177830567538,1610677.16716612,336448.008514282,84.6305152602745,1388423.69781485,0,-1388423.69781485,NA,290022.356823827,-1678446.05463868,NA
"5","24-59mo",308.793592067745,1500.8396997229,77.2144149475625,1.1569738223732,6.43453457896351,0.0450417420527445,0.00644281518163348,50.6077318124439,268309.888014475,56317.3522193516,43.6167124719393,231270.551713666,0,-231270.551713666,NA,48542.7668604543,-279813.31857412,NA
"6","0-11mo",1505.27103363694,10552.9409676792,3512.95663594522,94.981260602121,766.939989002658,7.96963231790411,0.164393021316381,536.519727290272,30498213.2258342,6683094.27885987,462.323915359051,26283676.765549,46382849.8233803,20099173.0578313,43474.2231368712,5759571.39966455,14339601.6581668,31016.352781643
"7","0-59mo",2407.07746711586,14590.7219423654,4054.10868308039,101.700607993124,812.035992930588,8.28530434539962,0.177479054370843,685.305289670254,32377200.2810148,7075859.6395935,590.571143091264,27903371.0150775,46382849.8233803,18479478.8083028,31290.8597456599,6098136.52334883,12381342.284954,20965.0309362315
