"","age_group","asymp_averted","symp_nhc_averted","pri_averted","sec_averted","hosp_averted","icu_averted","death_averted","incr_QALY_undis","incr_direct_cost_undis","indirect_cost_undist","incr_QALY_dis","incr_direct_cost_dis","inter_cost","total_costd_dist","acer_payers","indirect_cost","total_cost_societal","acer_societal"
"1","0-3mo",364.401274612168,2443.27697524674,838.937835672339,30.3950271769198,301.16874113646,3.43660395520884,0.041298214785703,131.168585733063,11842734.4509992,2618347.98217217,113.058712677388,10207457.1383765,23644162.4312044,13436705.2928279,NA,2256801.10883344,11179904.1839945,NA
"2","4-6mo",351.318302190117,2367.94664069304,981.200987431911,21.0768683456107,113.809845336237,0.775499846493708,0.025255658748344,121.933368378739,4615852.12593404,996710.770327933,105.155020414861,3980655.4188378,0,-3980655.4188378,NA,859548.416613328,-4840203.83545113,NA
"3","7–11mo",339.846847894039,2731.85333622362,579.414728295627,10.7189536862344,48.2845606913023,0.107947310676893,0.0491903568466785,122.202167712725,1976551.24359772,422762.602311566,105.466313290208,1705767.57405923,0,-1705767.57405923,NA,364844.886330389,-2070612.46038962,NA
"4","12–23mo",486.767174036591,2082.41651592565,380.817402894327,4.56580477497708,31.7347835745271,0.22214348502169,0.00545300230391488,80.5982155652468,1322104.20786336,276169.139819999,69.5804173147901,1141372.42059564,0,-1141372.42059564,NA,238416.788733757,-1379789.2093294,NA
"5","24-59mo",219.672029954043,1068.76440036899,53.925254296993,0.825709550790485,4.49377119141604,0.0314563983399125,0.00459822867233423,36.0980056720891,187401.538774742,39355.6964371856,31.1682826535289,161854.54546725,0,-161854.54546725,NA,33990.3691482153,-195844.914615465,NA
"6","0-11mo",1055.56642469632,7543.07695216338,2399.55355139988,62.190849208765,463.263147163999,4.32005111237944,0.115744230380725,375.304121824526,18435137.820531,4037821.35481167,323.680046382457,15893880.1312735,23644162.4312044,7750282.29993088,23944.2696160925,3481194.41177716,4269087.88815372,13189.2216893389
"7","0-59mo",1762.00562868696,10694.2578684581,2834.2962085912,67.5823635345325,499.491701929942,4.57365099574104,0.125795461356975,492.000343061863,19944643.5671691,4353346.19106885,424.428746350776,17197107.0973364,23644162.4312044,6447055.333868,15189.9591846678,3753601.56965913,2693453.76420887,6346.0681854542
