"","age_group","asymp_averted","symp_nhc_averted","pri_averted","sec_averted","hosp_averted","icu_averted","death_averted","incr_QALY_undis","incr_direct_cost_undis","indirect_cost_undist","incr_QALY_dis","incr_direct_cost_dis","inter_cost","total_costd_dist","acer_payers","indirect_cost","total_cost_societal","acer_societal"
"1","0-3mo",153.629981022744,1030.24762005679,352.48412759398,12.7370021054332,128.084468159305,1.49158812979514,0.0177094211461261,55.398489312953,5040079.00521709,1603598.90514928,47.7391392768895,4343195.49829787,23695853.5759542,19352658.0776564,NA,1381880.35476355,17970777.7228928,NA
"2","4-6mo",143.619423781724,967.325640734744,401.79673194664,8.61855666608362,46.5372864092823,0.317074925476383,0.0103302600207662,49.8554708942647,1887626.23128987,966056.201944569,42.9712294216853,1626970.96925358,0,-1626970.96925358,NA,832661.063480513,-2459632.03273409,NA
"3","7–11mo",138.081205168787,1109.5443920343,235.810047573421,4.35025557622255,19.6508372977851,0.0439633811798827,0.0199994751467525,49.6395002548481,804408.909455661,499815.258305268,42.7952667311883,693471.998041404,0,-693471.998041404,NA,430885.173046041,-1124357.17108745,NA
"4","12–23mo",148.099731128401,633.524302748658,115.914005412588,1.38976779550933,9.65950045104887,0.0676165031573435,0.00165979605162951,24.517101247244,402424.890423514,245181.439302918,21.1524377608498,347197.128708258,0,-347197.128708258,NA,211533.366261076,-558730.494969334,NA
"5","24-59mo",117.330558153008,570.35436840418,29.2565420008436,0.439861447038609,2.43804516673703,0.0170663161671589,0.00244945658001083,19.2090821963557,101664.160610083,62007.3011140283,16.5653901782691,87683.2843080517,0,-87683.2843080517,NA,53480.0023584329,-141163.286666485,NA
"6","0-11mo",435.330609973256,3107.11765282584,990.090907114041,25.7058143477394,194.272591866372,1.85262643645141,0.0480391563136449,154.893460462066,7732114.14596263,3069470.36539912,133.505635429763,6663638.46559285,23695853.5759542,17032215.1103614,127576.750266261,2645426.59129011,14386788.5190713,107761.657197161
"7","0-59mo",700.760899254663,4310.99632397867,1135.26145452747,27.5354435902873,206.370137484158,1.9373092557759,0.0521484089452853,198.619643905666,8236203.19699623,3376659.10581606,171.223463368883,7098518.87860917,23695853.5759542,16597334.6973451,96933.7634620078,2910439.95990961,13686894.7374355,79935.8596546344
