"","age_group","asymp_averted","symp_nhc_averted","pri_averted","sec_averted","hosp_averted","icu_averted","death_averted","incr_QALY_undis","incr_direct_cost_undis","indirect_cost_undist","incr_QALY_dis","incr_direct_cost_dis","inter_cost","total_costd_dist","acer_payers","indirect_cost","total_cost_societal","acer_societal"
"1","0-3mo",645.634769828699,4339.0252276692,1462.92995831461,52.4306410110633,548.393920956984,6.7170251185642,0.0774420620950275,233.625935408958,21617682.7011202,4768997.70830623,201.354093464372,18631400.4851872,46288067.1194055,27656666.6342183,NA,4110207.04537692,23546459.5888414,NA
"2","4-6mo",513.888170666288,3472.64351621963,1426.35212740813,30.8281135923088,166.420939649539,1.13171763453745,0.0369077137808775,178.284119249157,6746472.05429655,1457446.86142586,153.646034436954,5814163.26687511,91827.9173020029,-5722335.34957311,NA,1256041.78284665,-6978377.13241976,NA
"3","7–11mo",346.517082255353,2753.79675906087,619.380835964436,11.6278322625508,51.615069663703,0.118153581823719,0.0497939724823092,124.686666333771,2113530.96312547,452191.070118941,107.390684527019,1820427.93585007,2954.78667282878,-1817473.14917724,NA,389481.337956649,-2206954.48713389,NA
"4","12–23mo",596.389512660646,2554.4737894467,463.762010752398,5.55921892712348,38.6468342293664,0.270527839605564,0.00664072051844891,98.6888358967374,1610066.36181564,336319.18953094,85.0719082454959,1387907.73405683,0,-1387907.73405683,NA,289913.518111228,-1677821.25216806,NA
"5","24-59mo",316.334657493224,1538.11989317242,78.5271131872623,1.17783025196969,6.54392609893853,0.0458074826925698,0.00655898054724535,51.7732916397881,272872.575484417,57276.4360366794,44.6225039295614,235209.151919991,0,-235209.151919991,NA,49370.6629175609,-284579.814837552,NA
"6","0-11mo",1506.04002275034,10565.4655029497,3508.66292168718,94.8865868659229,766.429930270225,7.96689633492537,0.164143748358214,536.596720991887,30477685.7185423,6678635.63985102,462.390812428346,26265991.6879123,46382849.8233803,20116858.135468,43506.1804749535,5755730.16618022,14361127.9692877,31058.4198113002
"7","0-59mo",2418.76419290421,14658.0591855688,4050.95204562684,101.623636045016,811.62069059853,8.2832316572235,0.177343449423908,687.058848528412,32360624.6558423,7072231.26541864,592.085224603403,27889108.5738892,46382849.8233803,18493741.2494911,31234.9311906556,6095014.347209,12398726.9022821,20940.7807982156
