"","age_group","asymp_averted","symp_nhc_averted","pri_averted","sec_averted","hosp_averted","icu_averted","death_averted","incr_QALY_undis","incr_direct_cost_undis","indirect_cost_undist","incr_QALY_dis","incr_direct_cost_dis","inter_cost","total_costd_dist","acer_payers","indirect_cost","total_cost_societal","acer_societal"
"1","0-3mo",157.289498481136,1054.74671480146,360.99088236453,13.0440550194882,131.063112227891,1.52453591106504,0.0181134111869279,56.7192678443262,5157106.48153934,1641316.34801442,48.8773262869202,4444041.18094547,23695853.5759542,19251812.3950088,NA,1414383.03872601,17837429.3562828,NA
"2","4-6mo",148.653164284662,1000.90153239578,416.222800960431,8.91790886141145,48.1557319765564,0.328178569085706,0.0106911467906819,51.6124904021588,1953434.89837408,1000282.63263363,44.4864706162384,1683723.21551582,0,-1683723.21551582,NA,862178.172121804,-2545901.38763762,NA
"3","7–11mo",148.252353836077,1192.48332770439,252.089349606307,4.64300161249061,21.0074458005256,0.0469046194518342,0.0214768740744751,53.3430473910139,859918.043810058,534308.712584188,45.9912278167678,741372.550922593,0,-741372.550922593,NA,460650.646056803,-1202023.1969794,NA
"4","12–23mo",156.108140344011,667.781771184214,122.181989710005,1.46491870318698,10.1818324758336,0.0712728273308363,0.00174954858456543,25.8530536820613,424185.788816128,258439.486991791,22.307036800893,366004.333993685,0,-366004.333993685,NA,222991.846516345,-588996.180510029,NA
"5","24-59mo",131.352105162867,638.55925198317,32.7113025052099,0.492534441816645,2.72594187543416,0.019081593128039,0.00274278154588081,21.4818412192094,113669.940276515,69330.4543407066,18.5263562056286,98043.1752827335,0,-98043.1752827335,NA,59799.2098087594,-157842.385091493,NA
"6","0-11mo",454.195016601875,3248.13157490163,1029.30303293127,26.6049654933903,200.226290004972,1.89961909960258,0.0502814320520849,161.674805637499,7970459.42372347,3175907.69323225,139.355024719926,6869136.94738388,23695853.5759542,16826716.6285704,120747.110930434,2737211.85690462,14089504.7716657,101105.107619783
"7","0-59mo",741.655262108754,4554.472598069,1184.19632514648,28.5624186383939,213.13406435624,1.98997352006145,0.0547737621825313,209.00970053877,8508315.15281612,3503677.63456473,180.188417726448,7333184.4566603,23695853.5759542,16362669.1192939,90808.661987003,3020002.91322972,13342666.2060642,74048.4120700827
