"","age_group","asymp_averted","symp_nhc_averted","pri_averted","sec_averted","hosp_averted","icu_averted","death_averted","incr_QALY_undis","incr_direct_cost_undis","indirect_cost_undist","incr_QALY_dis","incr_direct_cost_dis","inter_cost","total_costd_dist","acer_payers","indirect_cost","total_cost_societal","acer_societal"
"1","0-3mo",549.182769554835,3432.8343482792,1240.61035776042,66.6242293181442,706.193377563762,8.79267552136151,0.0669289918893422,204.209561580673,41268971.2227703,10936978.7683307,176.020969339422,35571754.7308668,46288067.1194055,10716312.3885387,NA,9427172.732332,1289139.65620671,NA
"2","4-6mo",400.469410454629,2627.40042391359,1112.80894605935,36.1447213607282,195.113293567913,1.32765285511858,0.0288321129896205,140.509604885202,11404094.8274835,4109906.21921082,121.131647388208,9831343.76547718,91827.9173020029,-9739515.84817518,NA,3543096.46300676,-13282612.3111819,NA
"3","7–11mo",292.988411461085,2309.20883428041,517.241600371342,14.4693977390504,64.6552000464176,0.146875914913379,0.0423727198367294,105.997727372635,3757447.548644,1568396.005069,91.3797309045627,3239155.20839144,2954.78667282878,-3236200.42171861,NA,1352055.15563396,-4588255.57735257,NA
"4","12–23mo",465.180829465744,1972.54515271258,364.085557574546,6.54788497204599,45.5106946968183,0.318574862877727,0.00521341462376844,77.3631498116124,2693849.40980378,1100158.283784,66.7470607307721,2324188.3419859,0,-2324188.3419859,NA,949190.050566427,-3273378.39255232,NA
"5","24-59mo",279.855432173463,1357.14270640427,69.6284412595387,1.57435686702982,8.70355515744234,0.060924886102097,0.00584476596764183,45.8966379804565,515679.599866983,211068.077051857,39.6068496042667,445077.014695801,0,-445077.014695801,NA,182170.030135857,-627247.044831658,NA
"6","0-11mo",1242.64059147055,8369.4436064732,2870.66090419111,117.238348417923,965.961871178092,10.2672042913935,0.138133824715692,450.71689383851,56430513.5988978,16615280.9926105,388.532347632193,48642253.7047354,46382849.8233803,-2259403.88135506,-5815.22721370408,14322324.3509727,-16581728.2323278,-42677.8576697172
"7","0-59mo",1987.67685310976,11699.1314655901,3304.37490302519,125.360590256999,1020.17612103235,10.6467040403733,0.149192005307102,573.976681630579,59640042.6085686,17926507.3534464,494.886257967231,51411519.0614171,46382849.8233803,-5028669.23803677,-10161.2626276839,15453684.431675,-20482353.6697118,-41388.0024752435
