"","age_group","asymp_averted","symp_nhc_averted","pri_averted","sec_averted","hosp_averted","icu_averted","death_averted","incr_QALY_undis","incr_direct_cost_undis","indirect_cost_undist","incr_QALY_dis","incr_direct_cost_dis","inter_cost","total_costd_dist","acer_payers","indirect_cost","total_cost_societal","acer_societal"
"1","0-3mo",528.502584575897,3303.65684418877,1192.75161597756,64.0338492838437,680.733976889834,8.50561547871225,0.0646102811562457,196.560044694306,39787433.7233828,8880532.55172713,169.41738899202,34292854.3347759,46288067.1194055,11995212.7846296,NA,7654153.75435515,4341059.03027441,NA
"2","4-6mo",374.501825986921,2458.89188026615,1038.65507871525,33.8250282963546,182.574068688608,1.24169970024503,0.0269694687666454,131.387338647681,10670169.5466202,2398376.20567948,113.247488052047,9197043.20181985,91827.9173020029,-9105215.28451785,NA,2067257.41239341,-11172472.6969113,NA
"3","7–11mo",244.186279050871,1915.61053436381,438.793933973269,12.3490834731512,54.8492417466587,0.125569150284026,0.0352854069803726,88.3932536714144,3187934.61810005,720772.575968074,76.1499852421629,2746485.10665184,2954.78667282878,-2743530.31997901,NA,620963.222923299,-3364493.54290231,NA
"4","12–23mo",430.201770569804,1824.2205255974,336.708311233187,6.05551976786487,42.0885389041484,0.294619772329038,0.00482139430473853,71.5376879721812,2491286.6402448,549407.83412993,61.6844690628327,2148150.0781306,0,-2148150.0781306,NA,473735.323244777,-2621885.40137537,NA
"5","24-59mo",228.023013023496,1105.51533143647,56.9724139245104,1.28188020315382,7.12155174056386,0.0498508621839471,0.00475892510001164,37.3881030191778,421937.146992844,93498.4277201779,32.2344939562327,363821.666159745,0,-363821.666159745,NA,80620.1496659443,-444441.81582569,NA
"6","0-11mo",1147.19068961369,7678.15925881873,2670.20062866608,110.207961053349,918.157287325101,9.87288432924131,0.126865156903264,416.340637013401,53645537.888103,11999681.3333747,358.81486228623,46236382.6432476,46382849.8233803,146467.180132702,408.19708302903,10342374.3896719,-10195907.2095392,-28415.5097271467
"7","0-59mo",1805.41547320699,10607.8951158526,3063.88135382377,117.545361024368,967.367377969813,10.2173549637543,0.136445476308014,525.266428004759,56558761.6753407,12642587.5952248,452.733825305295,48748354.3875379,46382849.8233803,-2365504.56415762,-5224.93445803939,10896729.8625826,-13262234.4267402,-29293.6681234211
