"","age_group","asymp_averted","symp_nhc_averted","pri_averted","sec_averted","hosp_averted","icu_averted","death_averted","incr_QALY_undis","incr_direct_cost_undis","indirect_cost_undist","incr_QALY_dis","incr_direct_cost_dis","inter_cost","total_costd_dist","acer_payers","indirect_cost","total_cost_societal","acer_societal"
"1","0-3mo",89.1636447326209,557.018524473788,205.382867758179,11.1227394719308,110.714458635764,1.27111317180825,0.0101514790743517,32.9253138958022,6447375.8141785,1729331.26932137,28.3734732632727,5555957.57353612,23677256.0124719,18121298.4389358,NA,1490240.78999839,16631057.6489374,NA
"2","4-6mo",95.3690048616559,621.873550671606,269.130108099508,8.55589871173132,46.2177789399515,0.315541716556609,0.00685153754849206,33.4891842845695,2703446.87904397,981235.699244805,28.8685462923866,2330428.70159418,0,-2330428.70159418,NA,845851.62749939,-3176280.32909357,NA
"3","7–11mo",117.589176910605,939.826742519825,196.367374542599,5.39542297121108,24.5459218178247,0.0543204062583056,0.0170478391333337,42.4341834648769,1425971.91647138,595202.250707235,36.593574024899,1229649.84182873,0,-1229649.84182873,NA,513257.104482919,-1742906.94631165,NA
"4","12–23mo",95.5180219699832,405.033052307794,74.7595990301224,1.34451159850057,9.34494987876531,0.0654146491513572,0.00107049779575753,15.8832072677221,553142.242351174,225901.276373807,13.7124836014975,477545.480291568,0,-477545.480291568,NA,195027.834189381,-672573.314480949,NA
"5","24-59mo",95.9673472627346,465.354461236886,23.9068320887918,0.53973707369498,2.98835401109898,0.020918478077693,0.00200375856398854,15.7362095944422,177056.626880806,72468.239801608,13.5740409822624,152748.496026926,0,-152748.496026926,NA,62518.9621919058,-215267.458218832,NA
"6","0-11mo",302.121826504882,2118.71881766522,670.880350400284,25.0740611548732,181.47815939354,1.64097529462316,0.0340508557561775,108.848681645249,10576794.6096939,3305769.21927342,93.8355935805585,9116036.11695904,23677256.0124719,14561219.8955129,155178.001650429,2849349.5219807,11711870.3735322,124812.66358141
"7","0-59mo",493.607195737597,2989.10633120988,769.546781519199,26.9583098270687,193.811463283405,1.72730842185221,0.0371251121159237,140.468098507414,11306993.4789259,3604138.73544884,121.122118164318,9746330.09327754,23677256.0124719,13930925.9191944,115015.540764366,3106896.31836198,10824029.6008324,89364.5996691391
