"","age_group","asymp_averted","symp_nhc_averted","pri_averted","sec_averted","hosp_averted","icu_averted","death_averted","incr_QALY_undis","incr_direct_cost_undis","indirect_cost_undist","incr_QALY_dis","incr_direct_cost_dis","inter_cost","total_costd_dist","acer_payers","indirect_cost","total_cost_societal","acer_societal"
"1","0-3mo",84.1571853897776,525.747216146247,193.779386956094,10.4946478829851,104.568129015483,1.20224823301882,0.00959303686339347,31.1061520859583,6089797.80858938,1633054.45587747,26.8054966935056,5247763.12642474,23677256.0124719,18429492.8860472,NA,1407259.36774555,17022233.5183017,NA
"2","4-6mo",88.8578566492808,579.650886022766,250.505112111054,7.97463464818426,43.0754477879382,0.293991696056304,0.00638460465957977,31.1966166416778,2519508.75408503,914066.636512263,26.8909602745853,2171764.50181421,0,-2171764.50181421,NA,787910.74300473,-2959675.24481894,NA
"3","7–11mo",104.838344090283,836.921360966146,175.928787338584,4.8438162868286,21.9910984173229,0.0487769956103574,0.0151958449894495,37.8644836412223,1277595.49127819,533274.273700895,32.6490970269213,1101578.18032325,0,-1101578.18032325,NA,459803.740666602,-1561381.92098985,NA
"4","12–23mo",88.7273624377303,376.238051104825,69.4447173637,1.24892628052308,8.68058967046238,0.0607641276932371,0.000994392931868079,14.7634291852039,513817.719468012,209841.284509256,12.7436000461555,443520.958154663,0,-443520.958154663,NA,181132.343318779,-624653.301473442,NA
"5","24-59mo",96.5264685313359,467.969161417859,24.1322035477483,0.542564564720152,3.01652544346854,0.0211156781042803,0.00201424567119296,15.8383012745599,178722.226070348,73146.6897564754,13.6601330223675,154160.62942392,0,-154160.62942392,NA,63094.1319115534,-217254.761335474,NA
"6","0-11mo",277.853386129342,1942.31946313516,620.213286405729,23.313098817998,169.634675220744,1.54501692468548,0.0311734865124228,100.167252368858,9886902.05395263,3080395.36609063,86.3455539950121,8521105.80856219,23677256.0124719,15156150.2039097,175529.016870808,2654973.85141689,12501176.3524929,144780.776474201
"7","0-59mo",463.107217098408,2786.52667565783,713.790207317179,25.1045896632412,181.331790334675,1.62689673048299,0.0341821251154837,130.768982828623,10579441.999491,3363383.34035636,112.749287063535,9118787.39614075,23677256.0124719,14558468.6163312,129122.489334477,2899200.32664722,11659268.289684,103408.79834667
