"","age_group","asymp_averted","symp_nhc_averted","pri_averted","sec_averted","hosp_averted","icu_averted","death_averted","incr_QALY_undis","incr_direct_cost_undis","indirect_cost_undist","incr_QALY_dis","incr_direct_cost_dis","inter_cost","total_costd_dist","acer_payers","indirect_cost","total_cost_societal","acer_societal"
"1","0-3mo",153.471385703404,958.793669806851,352.153097623999,19.1772124748878,191.856443379987,2.21951400204734,0.017624491804976,56.7270571853544,11175499.5016267,2502127.73447173,48.888514495543,9631099.0266877,23644162.4312044,14013063.4045167,NA,2156348.11901396,11856715.2855028,NA
"2","4-6mo",126.825074648036,833.208789632708,351.168310250916,11.4652301450032,61.8858120049571,0.421126906295517,0.00913578849360612,44.4922346534746,3616554.06438734,812963.963829795,38.3633520629249,3118329.62767577,0,-3118329.62767577,NA,700967.201669317,-3819296.82934509,NA
"3","7–11mo",100.946268777639,800.010362496898,174.427708802647,4.84569826176985,21.8034636003308,0.0490746514066791,0.0146128380403432,36.4858227951429,1266943.38939138,286372.233174171,31.4759307344859,1092961.8425405,0,-1092961.8425405,NA,247046.585377836,-1340008.42791834,NA
"4","12–23mo",171.34055597569,726.549680779171,134.104025587614,2.41178952465374,16.7630031984518,0.117341022389162,0.00192026262387937,28.4921621456708,992228.454729453,218817.890108956,24.5819602354431,856057.146389335,0,-856057.146389335,NA,188787.791453414,-1044844.93784275,NA
"5","24-59mo",98.3194396677736,477.132371380183,24.1605674413559,0.554297008573315,3.02007093016954,0.0211404965111863,0.00205785103800438,16.1200681587234,178949.595831372,39672.6068317257,13.8948191430777,154270.129186507,0,-154270.129186507,NA,34201.0940218568,-188471.223208364,NA
"6","0-11mo",381.242729129079,2592.01282193646,877.749116677562,35.4881408816609,275.545718985275,2.68971555974953,0.0413731183389253,137.705114633972,16058996.9554054,3601463.9314757,118.727797292954,13842390.496904,23644162.4312044,9801771.93430044,82556.6729762126,3104361.90606111,6697410.02823933,56409.7892906568
"7","0-59mo",650.902724772539,3795.69487409579,1036.01370970653,38.4542274148879,295.328793113895,2.82819707864988,0.0453512320008091,182.317344938366,17230175.0059662,3859954.42841637,157.204576671475,14852717.7724798,23644162.4312044,8791444.65872462,55923.5923334277,3327350.79153638,5464093.86718825,34757.8549103382
