"","age_group","asymp_averted","symp_nhc_averted","pri_averted","sec_averted","hosp_averted","icu_averted","death_averted","incr_QALY_undis","incr_direct_cost_undis","indirect_cost_undist","incr_QALY_dis","incr_direct_cost_dis","inter_cost","total_costd_dist","acer_payers","indirect_cost","total_cost_societal","acer_societal"
"1","0-3mo",528.502584575897,3305.31831929771,1191.73540127512,63.9764035707965,680.146162196384,8.49814321000537,0.0645546996345964,196.52732621383,39753045.9664893,8872857.48759531,169.38918893482,34263215.5696399,46288067.1194055,12024851.5497656,NA,7647538.61896465,4377312.93080093,NA
"2","4-6mo",374.501825986921,2459.78111656167,1037.92243540915,33.7996247229277,182.442879272621,1.24080849298174,0.0269502945865764,131.373788370092,10662505.511061,2396650.56923977,113.235808576061,9190437.23043621,91827.9173020029,-9098609.3131342,NA,2065770.00873812,-11164379.3218723,NA
"3","7–11mo",244.186279050871,1915.90526115988,438.538453773743,12.3417719015538,54.8173067217177,0.125495782171611,0.0352651761250122,88.3845193590382,3186078.24312251,720352.660686396,76.1424605809219,2744885.784568,2954.78667282878,-2741930.99789518,NA,620601.453719986,-3362532.45161516,NA
"4","12–23mo",430.201770569804,1824.38551918031,336.564028404714,6.05284436699776,42.0705035505893,0.294493524854124,0.00481932918074927,71.5356581452411,2490218.9737168,549172.23951165,61.6827188128191,2147229.46630757,0,-2147229.46630757,NA,473532.178175285,-2620761.64448285,NA
"5","24-59mo",228.023013023496,1105.5263839023,56.962742918814,1.28170761873274,7.12034286485169,0.0498424000539623,0.0047582845394451,37.387817841688,421865.593838934,93482.6503159637,32.2342480660882,363759.964817747,0,-363759.964817747,NA,80606.5446124012,-444366.509430149,NA
"6","0-11mo",1147.19068961369,7681.00469701926,2668.19629045801,110.117800195278,917.406348190722,9.86444748515872,0.126770170346185,416.285633942961,53601629.7206728,11989860.7175215,358.767458091804,46198538.5846441,46382849.8233803,184311.238736212,513.73455027532,10333910.0814228,-10149598.8426866,-28290.1880139012
"7","0-59mo",1805.41547320699,10610.9166001019,3061.72306178154,117.452352181008,966.597194606164,10.2087834100668,0.136347784066379,525.20910992989,56513714.2882285,12632515.6073491,452.684424970711,48709528.0157694,46382849.8233803,-2326678.19238909,-5139.73546260096,10888048.8042105,-13214726.9965995,-29191.9188460141
