"","age_group","asymp_averted","symp_nhc_averted","pri_averted","sec_averted","hosp_averted","icu_averted","death_averted","incr_QALY_undis","incr_direct_cost_undis","indirect_cost_undist","incr_QALY_dis","incr_direct_cost_dis","inter_cost","total_costd_dist","acer_payers","indirect_cost","total_cost_societal","acer_societal"
"1","0-3mo",153.837612517862,961.560911791885,352.707135242198,19.2062424058781,192.138016359449,2.22250171060854,0.0176497470931769,56.8536120286336,11191846.0754492,2505797.06044912,48.9975446102919,9645179.20574796,23644162.4312044,13998983.2254565,NA,2159508.71310285,11839474.5123536,NA
"2","4-6mo",127.350776391313,836.915409781397,352.428181985048,11.5034387598319,62.0945117648621,0.422561667193348,0.00916694460797789,44.6717732818698,3628778.24507815,815704.854907298,38.5181324820798,3128867.65386979,0,-3128867.65386979,NA,703330.020253902,-3832197.6741237,NA
"3","7–11mo",102.018186731265,808.780975100057,176.042117863253,4.88911857759842,22.0052647329065,0.049511064601812,0.0147601522741932,36.8667626062431,1278662.78664374,289019.451247187,31.8045488638613,1103071.26798128,0,-1103071.26798128,NA,249330.136821246,-1352401.40480253,NA
"4","12–23mo",171.928271917815,729.107760781895,134.506354347819,2.41899300141665,16.8132942934773,0.117693060054341,0.00192602400671635,28.5882296103175,995205.213314235,219474.303881681,24.6650415167833,858632.309381291,0,-858632.309381291,NA,189355.648333283,-1047987.95771457,NA
"5","24-59mo",99.5513373534523,483.113965806377,24.460386954961,0.561162457258533,3.05754836937007,0.0214028385855904,0.00208333914598019,16.3201186781107,181170.242679644,40164.8950617947,14.0674934760473,156187.237214088,0,-156187.237214088,NA,34626.0895619504,-190813.326776039,NA
"6","0-11mo",383.20657564044,2607.25729667334,881.177435090498,35.5987997433085,276.237792857217,2.6945744424037,0.041576843975348,138.392147916747,16099287.1071711,3610521.36660361,119.320225956233,13877118.127599,23644162.4312044,9767044.30360538,81855.7308732214,3112168.870178,6654875.43342738,55773.2386114354
"7","0-59mo",654.686184911705,3819.47902326164,1040.14417639328,38.5789552019836,296.108635520065,2.83367034104363,0.0455862071280444,183.300496205175,17275662.5631649,3870160.56554708,158.052760949064,14891937.6741944,23644162.4312044,8752224.75701003,55375.3360868568,3336150.60807323,5416074.1489368,34267.5073590284
