"","age_group","asymp_averted","symp_nhc_averted","pri_averted","sec_averted","hosp_averted","icu_averted","death_averted","incr_QALY_undis","incr_direct_cost_undis","indirect_cost_undist","incr_QALY_dis","incr_direct_cost_dis","inter_cost","total_costd_dist","acer_payers","indirect_cost","total_cost_societal","acer_societal"
"1","0-3mo",549.71080306802,3436.13270484186,1241.83202176339,66.6903437255142,706.843767081782,8.80001826443801,0.0669882562782939,204.380617089619,41306820.7934247,10947158.1856745,176.168698869211,35604433.6410102,46288067.1194055,10683633.4783953,NA,9435961.72364627,1247671.75474905,NA
"2","4-6mo",401.13466676785,2631.71637226552,1114.70977724996,36.204135228991,195.434467350677,1.32985472105123,0.0288798276604272,140.74447349533,11422893.8085664,4116767.57954204,121.334678499152,9847594.44557288,91827.9173020029,-9755766.52827088,NA,3549027.87837602,-13304794.4066469,NA
"3","7–11mo",294.24095379638,2319.30937210009,519.256252466754,14.5238769384855,64.9070315583441,0.147423228601265,0.0425546149689899,106.4287656302,3772073.5557854,1574500.5462478,91.7526897859808,3251808.2138468,2954.78667282878,-3248853.42717397,NA,1357336.21386232,-4606189.64103628,NA
"4","12–23mo",462.856162884638,1962.68767470452,362.266098399221,6.51516296716689,45.2832622999026,0.316982836099317,0.00518736142040827,76.9676646898158,2680387.32946677,1094660.41922415,66.4065863356184,2312599.3022563,0,-2312599.3022563,NA,944457.128966127,-3257056.43122243,NA
"5","24-59mo",267.144573442783,1295.59396986122,66.384057178931,1.50315582235463,8.29800714736638,0.058086050031565,0.00558044304773408,43.8008631333178,491654.527047507,201237.715658164,37.8006608131968,424370.996116869,0,-424370.996116869,NA,173697.733113794,-598068.729230663,NA
"6","0-11mo",1245.08642363225,8387.15844920746,2875.7980514801,117.418355892991,967.185265990803,10.2772962140905,0.138422698907711,451.553856215149,56501788.1577766,16638426.3114644,389.256067154344,48703836.3004298,46382849.8233803,-2320986.47704951,-5962.62119693364,14342325.8158846,-16663312.2929341,-42808.0990869359
"7","0-59mo",1975.08715995967,11645.4400937732,3304.44820705826,125.436674682512,1020.76653543807,10.6523651002214,0.149190503375854,572.322384038283,59673830.0142908,17934324.4463467,493.463314303159,51440806.598803,46382849.8233803,-5057956.77542271,-10249.9144897231,15460480.6779645,-20518437.4533872,-41580.4718580999
